index,id,group_id,time_id,scale_id,score
1,s001,1,1,im,4
2,s001,1,1,pc,5.17
3,s001,1,1,pa,4.75
4,s001,1,2,im,4
5,s001,1,2,pc,3.83
6,s001,1,2,pa,3.75
7,s001,1,3,im,4.14
8,s001,1,3,pc,5.17
9,s001,1,3,pa,4
10,s001,1,4,im,4
11,s001,1,4,pc,4.67
12,s001,1,4,pa,4
13,s002,1,1,im,3.29
14,s002,1,1,pc,3.17
15,s002,1,1,pa,7
16,s002,1,2,im,3.29
17,s002,1,2,pc,2
18,s002,1,2,pa,7
19,s002,1,3,im,2.29
20,s002,1,3,pc,2.67
21,s002,1,3,pa,7
22,s002,1,4,im,2.71
23,s002,1,4,pc,3
24,s002,1,4,pa,7
25,s003,1,1,im,3.71
26,s003,1,1,pc,2.83
27,s003,1,1,pa,3
28,s003,1,2,im,3.71
29,s003,1,2,pc,3
30,s003,1,2,pa,5
31,s003,1,3,im,3.86
32,s003,1,3,pc,4
33,s003,1,3,pa,4
34,s003,1,4,im,3.29
35,s003,1,4,pc,3
36,s003,1,4,pa,4
37,s004,1,1,im,5
38,s004,1,1,pc,3.67
39,s004,1,1,pa,5.5
40,s004,1,2,im,5.14
41,s004,1,2,pc,4
42,s004,1,2,pa,6.5
43,s004,1,3,im,4.71
44,s004,1,3,pc,3.67
45,s004,1,3,pa,6.5
46,s004,1,4,im,4.86
47,s004,1,4,pc,3.5
48,s004,1,4,pa,6.5
49,s005,1,1,im,5.57
50,s005,1,1,pc,2.33
51,s005,1,1,pa,7
52,s005,1,2,im,6
53,s005,1,2,pc,2.67
54,s005,1,2,pa,6.75
55,s005,1,3,im,6
56,s005,1,3,pc,2.67
57,s005,1,3,pa,5.75
58,s005,1,4,im,5.29
59,s005,1,4,pc,2.33
60,s005,1,4,pa,4.75
61,s006,2,1,im,5.14
62,s006,2,1,pc,3
63,s006,2,1,pa,3
64,s006,2,2,im,5.29
65,s006,2,2,pc,1
66,s006,2,2,pa,4
67,s006,2,3,im,5.29
68,s006,2,3,pc,1.17
69,s006,2,3,pa,3.5
70,s006,2,4,im,5
71,s006,2,4,pc,1.83
72,s006,2,4,pa,4
73,s007,2,1,im,3.57
74,s007,2,1,pc,3.33
75,s007,2,1,pa,5.5
76,s007,2,2,im,4
77,s007,2,2,pc,3.67
78,s007,2,2,pa,5
79,s007,2,3,im,3.29
80,s007,2,3,pc,2.17
81,s007,2,3,pa,4.75
82,s007,2,4,im,2.86
83,s007,2,4,pc,3.67
84,s007,2,4,pa,4.75
85,s008,1,1,im,5.86
86,s008,1,1,pc,3.17
87,s008,1,1,pa,6.25
88,s008,1,2,im,6
89,s008,1,2,pc,3.67
90,s008,1,2,pa,6
91,s008,1,3,im,6
92,s008,1,3,pc,3.67
93,s008,1,3,pa,6
94,s008,1,4,im,6
95,s008,1,4,pc,3.67
96,s008,1,4,pa,6
97,s009,2,1,im,3.71
98,s009,2,1,pc,1.5
99,s009,2,1,pa,4.25
100,s009,2,2,im,3.57
101,s009,2,2,pc,1.33
102,s009,2,2,pa,3.25
103,s009,2,3,im,3.43
104,s009,2,3,pc,1.33
105,s009,2,3,pa,4.25
106,s009,2,4,im,3.57
107,s009,2,4,pc,1.5
108,s009,2,4,pa,3.5
109,s010,2,1,im,3.29
110,s010,2,1,pc,3.83
111,s010,2,1,pa,4.5
112,s010,2,2,im,3
113,s010,2,2,pc,4.17
114,s010,2,2,pa,7
115,s010,2,3,im,3
116,s010,2,3,pc,2.17
117,s010,2,3,pa,7
118,s010,2,4,im,3.43
119,s010,2,4,pc,3.33
120,s010,2,4,pa,7
121,s011,1,1,im,4.57
122,s011,1,1,pc,2.67
123,s011,1,1,pa,5
124,s011,1,2,im,5.43
125,s011,1,2,pc,4.83
126,s011,1,2,pa,5.25
127,s011,1,3,im,3.86
128,s011,1,3,pc,5.33
129,s011,1,3,pa,5.5
130,s011,1,4,im,4.71
131,s011,1,4,pc,3.33
132,s011,1,4,pa,5
133,s012,2,1,im,5.14
134,s012,2,1,pc,3.67
135,s012,2,1,pa,6.75
136,s012,2,2,im,5.14
137,s012,2,2,pc,3
138,s012,2,2,pa,6.5
139,s012,2,3,im,5
140,s012,2,3,pc,3
141,s012,2,3,pa,6.5
142,s012,2,4,im,5.14
143,s012,2,4,pc,3.17
144,s012,2,4,pa,6.5
145,s013,1,1,im,4
146,s013,1,1,pc,5
147,s013,1,1,pa,4.75
148,s013,1,2,im,3.43
149,s013,1,2,pc,3.5
150,s013,1,2,pa,4
151,s013,1,3,im,3.43
152,s013,1,3,pc,3.83
153,s013,1,3,pa,4.5
154,s013,1,4,im,3.29
155,s013,1,4,pc,4.17
156,s013,1,4,pa,4.25
157,s014,2,1,im,4.29
158,s014,2,1,pc,2.33
159,s014,2,1,pa,6
160,s014,2,2,im,5.14
161,s014,2,2,pc,2.33
162,s014,2,2,pa,5.5
163,s014,2,3,im,4.86
164,s014,2,3,pc,2.33
165,s014,2,3,pa,5.5
166,s014,2,4,im,5.29
167,s014,2,4,pc,2.33
168,s014,2,4,pa,5.25
169,s015,1,1,im,4.71
170,s015,1,1,pc,2.67
171,s015,1,1,pa,4
172,s015,1,2,im,4.14
173,s015,1,2,pc,3.33
174,s015,1,2,pa,4.25
175,s015,1,3,im,3.29
176,s015,1,3,pc,3.5
177,s015,1,3,pa,4.75
178,s015,1,4,im,4.14
179,s015,1,4,pc,3.5
180,s015,1,4,pa,4
181,s016,2,1,im,5.14
182,s016,2,1,pc,5.5
183,s016,2,1,pa,6.75
184,s016,2,2,im,5
185,s016,2,2,pc,4.17
186,s016,2,2,pa,7
187,s016,2,3,im,5.14
188,s016,2,3,pc,3.33
189,s016,2,3,pa,7
190,s016,2,4,im,5
191,s016,2,4,pc,3.83
192,s016,2,4,pa,6.75
193,s017,1,1,im,5.43
194,s017,1,1,pc,1.33
195,s017,1,1,pa,4.25
196,s017,1,2,im,5.86
197,s017,1,2,pc,3.33
198,s017,1,2,pa,6.5
199,s017,1,3,im,5.29
200,s017,1,3,pc,3.5
201,s017,1,3,pa,6.5
202,s017,1,4,im,5.29
203,s017,1,4,pc,3.17
204,s017,1,4,pa,6.25
205,s018,2,1,im,4.86
206,s018,2,1,pc,2.5
207,s018,2,1,pa,5
208,s018,2,2,im,5.43
209,s018,2,2,pc,1.5
210,s018,2,2,pa,5.75
211,s018,2,3,im,6.29
212,s018,2,3,pc,1
213,s018,2,3,pa,5.5
214,s018,2,4,im,6
215,s018,2,4,pc,1
216,s018,2,4,pa,5.75
217,s019,2,1,im,4.57
218,s019,2,1,pc,2
219,s019,2,1,pa,6
220,s019,2,2,im,5
221,s019,2,2,pc,3.17
222,s019,2,2,pa,5.5
223,s019,2,3,im,5
224,s019,2,3,pc,3
225,s019,2,3,pa,5.25
226,s019,2,4,im,5.29
227,s019,2,4,pc,2.83
228,s019,2,4,pa,5.75
229,s020,2,1,im,4.14
230,s020,2,1,pc,2.33
231,s020,2,1,pa,5.5
232,s020,2,2,im,3.57
233,s020,2,2,pc,1.83
234,s020,2,2,pa,4.75
235,s020,2,3,im,3.71
236,s020,2,3,pc,2
237,s020,2,3,pa,5
238,s020,2,4,im,3.86
239,s020,2,4,pc,1.83
240,s020,2,4,pa,5
241,s021,2,1,im,6.14
242,s021,2,1,pc,3.5
243,s021,2,1,pa,5
244,s021,2,2,im,6.71
245,s021,2,2,pc,3.83
246,s021,2,2,pa,5
247,s021,2,3,im,6.43
248,s021,2,3,pc,5
249,s021,2,3,pa,4.75
250,s021,2,4,im,6.43
251,s021,2,4,pc,4.83
252,s021,2,4,pa,6.5
253,s022,2,1,im,4.14
254,s022,2,1,pc,4.33
255,s022,2,1,pa,5.75
256,s022,2,2,im,4.57
257,s022,2,2,pc,3.67
258,s022,2,2,pa,5
259,s022,2,3,im,4.86
260,s022,2,3,pc,3
261,s022,2,3,pa,4.5
262,s022,2,4,im,4.57
263,s022,2,4,pc,3.67
264,s022,2,4,pa,4.25
265,s023,1,1,im,4.86
266,s023,1,1,pc,3.83
267,s023,1,1,pa,5.75
268,s023,1,2,im,5.57
269,s023,1,2,pc,3.83
270,s023,1,2,pa,6.25
271,s023,1,3,im,5.43
272,s023,1,3,pc,3.67
273,s023,1,3,pa,5.5
274,s023,1,4,im,4.71
275,s023,1,4,pc,3.33
276,s023,1,4,pa,5.75
277,s024,1,1,im,4.86
278,s024,1,1,pc,3.33
279,s024,1,1,pa,6
280,s024,1,2,im,5
281,s024,1,2,pc,3.83
282,s024,1,2,pa,5.25
283,s024,1,3,im,4.86
284,s024,1,3,pc,4.33
285,s024,1,3,pa,5
286,s024,1,4,im,4.57
287,s024,1,4,pc,4.83
288,s024,1,4,pa,5
289,s025,1,1,im,4.57
290,s025,1,1,pc,5.17
291,s025,1,1,pa,6.25
292,s025,1,2,im,4.43
293,s025,1,2,pc,4.67
294,s025,1,2,pa,4.25
295,s025,1,3,im,4.71
296,s025,1,3,pc,5.67
297,s025,1,3,pa,5.5
298,s025,1,4,im,4.43
299,s025,1,4,pc,5.33
300,s025,1,4,pa,4.75
301,s026,1,1,im,4
302,s026,1,1,pc,3.83
303,s026,1,1,pa,6.5
304,s026,1,2,im,4.57
305,s026,1,2,pc,3.83
306,s026,1,2,pa,5
307,s026,1,3,im,4.57
308,s026,1,3,pc,4.83
309,s026,1,3,pa,5.75
310,s026,1,4,im,4.29
311,s026,1,4,pc,4.5
312,s026,1,4,pa,4.75
313,s027,2,1,im,3.71
314,s027,2,1,pc,3.17
315,s027,2,1,pa,5.5
316,s027,2,2,im,3.29
317,s027,2,2,pc,2.33
318,s027,2,2,pa,5
319,s027,2,3,im,2.57
320,s027,2,3,pc,1.67
321,s027,2,3,pa,5.5
322,s027,2,4,im,2.57
323,s027,2,4,pc,1.67
324,s027,2,4,pa,4.75
325,s028,1,1,im,3.57
326,s028,1,1,pc,2.83
327,s028,1,1,pa,4.5
328,s028,1,2,im,3.71
329,s028,1,2,pc,4.17
330,s028,1,2,pa,5.25
331,s028,1,3,im,4
332,s028,1,3,pc,4.83
333,s028,1,3,pa,5.25
334,s028,1,4,im,3.57
335,s028,1,4,pc,4.83
336,s028,1,4,pa,5.25
337,s029,2,1,im,2.86
338,s029,2,1,pc,2.33
339,s029,2,1,pa,6.25
340,s029,2,2,im,3.29
341,s029,2,2,pc,2.5
342,s029,2,2,pa,6
343,s029,2,3,im,2.57
344,s029,2,3,pc,2.33
345,s029,2,3,pa,6
346,s029,2,4,im,2.86
347,s029,2,4,pc,2.83
348,s029,2,4,pa,5.25
349,s030,2,1,im,3.29
350,s030,2,1,pc,3.5
351,s030,2,1,pa,7
352,s030,2,2,im,4.86
353,s030,2,2,pc,2.83
354,s030,2,2,pa,7
355,s030,2,3,im,4
356,s030,2,3,pc,2.5
357,s030,2,3,pa,7
358,s030,2,4,im,3.43
359,s030,2,4,pc,2.5
360,s030,2,4,pa,7
361,s031,1,1,im,4.57
362,s031,1,1,pc,3.5
363,s031,1,1,pa,4.5
364,s031,1,2,im,3.43
365,s031,1,2,pc,3.5
366,s031,1,2,pa,4.5
367,s031,1,3,im,2.57
368,s031,1,3,pc,3.17
369,s031,1,3,pa,4.25
370,s031,1,4,im,2.86
371,s031,1,4,pc,2.83
372,s031,1,4,pa,4.5
373,s032,2,1,im,4
374,s032,2,1,pc,2.33
375,s032,2,1,pa,6
376,s032,2,2,im,5.29
377,s032,2,2,pc,2.83
378,s032,2,2,pa,6.5
379,s032,2,3,im,3.71
380,s032,2,3,pc,2.67
381,s032,2,3,pa,6.5
382,s032,2,4,im,3.57
383,s032,2,4,pc,2
384,s032,2,4,pa,6.25
385,s033,1,1,im,2.43
386,s033,1,1,pc,3.17
387,s033,1,1,pa,6.25
388,s033,1,2,im,3.86
389,s033,1,2,pc,3.5
390,s033,1,2,pa,5
391,s033,1,3,im,3.86
392,s033,1,3,pc,4.5
393,s033,1,3,pa,4.75
394,s033,1,4,im,3.29
395,s033,1,4,pc,4.17
396,s033,1,4,pa,5.25
397,s034,1,1,im,7
398,s034,1,1,pc,6.17
399,s034,1,1,pa,6.25
400,s034,1,2,im,7
401,s034,1,2,pc,5.17
402,s034,1,2,pa,7
403,s034,1,3,im,7
404,s034,1,3,pc,4.5
405,s034,1,3,pa,7
406,s034,1,4,im,7
407,s034,1,4,pc,5.17
408,s034,1,4,pa,7
409,s035,2,1,im,4.14
410,s035,2,1,pc,2.83
411,s035,2,1,pa,3.5
412,s035,2,2,im,3.14
413,s035,2,2,pc,1.5
414,s035,2,2,pa,3.25
415,s035,2,3,im,3.14
416,s035,2,3,pc,1
417,s035,2,3,pa,3
418,s035,2,4,im,3.29
419,s035,2,4,pc,1
420,s035,2,4,pa,3.5
421,s036,2,1,im,4.43
422,s036,2,1,pc,5.5
423,s036,2,1,pa,6.75
424,s036,2,2,im,5.14
425,s036,2,2,pc,2.83
426,s036,2,2,pa,6.5
427,s036,2,3,im,5.29
428,s036,2,3,pc,2.33
429,s036,2,3,pa,6.25
430,s036,2,4,im,4
431,s036,2,4,pc,2.83
432,s036,2,4,pa,6
433,s037,1,1,im,4.71
434,s037,1,1,pc,4.83
435,s037,1,1,pa,6.75
436,s037,1,2,im,5.29
437,s037,1,2,pc,6
438,s037,1,2,pa,6.5
439,s037,1,3,im,4.86
440,s037,1,3,pc,4
441,s037,1,3,pa,6.75
442,s037,1,4,im,4.57
443,s037,1,4,pc,4.33
444,s037,1,4,pa,6.5
445,s038,1,1,im,5.43
446,s038,1,1,pc,5
447,s038,1,1,pa,4.5
448,s038,1,2,im,6.29
449,s038,1,2,pc,4
450,s038,1,2,pa,4.75
451,s038,1,3,im,5.71
452,s038,1,3,pc,6
453,s038,1,3,pa,4
454,s038,1,4,im,5.71
455,s038,1,4,pc,5.83
456,s038,1,4,pa,4.5
457,s039,1,1,im,4.86
458,s039,1,1,pc,3
459,s039,1,1,pa,6.75
460,s039,1,2,im,4.57
461,s039,1,2,pc,2.5
462,s039,1,2,pa,6.5
463,s039,1,3,im,4.29
464,s039,1,3,pc,3
465,s039,1,3,pa,7
466,s039,1,4,im,3.86
467,s039,1,4,pc,2.67
468,s039,1,4,pa,7
469,s040,1,1,im,4.57
470,s040,1,1,pc,3.17
471,s040,1,1,pa,6.75
472,s040,1,2,im,4.57
473,s040,1,2,pc,5.17
474,s040,1,2,pa,6.75
475,s040,1,3,im,4.43
476,s040,1,3,pc,5.33
477,s040,1,3,pa,6
478,s040,1,4,im,3.86
479,s040,1,4,pc,5
480,s040,1,4,pa,6
481,s041,1,1,im,5
482,s041,1,1,pc,5
483,s041,1,1,pa,6
484,s041,1,2,im,4.86
485,s041,1,2,pc,5.33
486,s041,1,2,pa,6
487,s041,1,3,im,4
488,s041,1,3,pc,5.17
489,s041,1,3,pa,5.75
490,s041,1,4,im,3.86
491,s041,1,4,pc,4.67
492,s041,1,4,pa,5.5
493,s042,2,1,im,4.86
494,s042,2,1,pc,3.83
495,s042,2,1,pa,5.75
496,s042,2,2,im,4.86
497,s042,2,2,pc,1.67
498,s042,2,2,pa,6.5
499,s042,2,3,im,4.29
500,s042,2,3,pc,1.33
501,s042,2,3,pa,6.25
502,s042,2,4,im,4.86
503,s042,2,4,pc,1.83
504,s042,2,4,pa,6
505,s043,2,1,im,4.14
506,s043,2,1,pc,4.33
507,s043,2,1,pa,6
508,s043,2,2,im,4.57
509,s043,2,2,pc,3
510,s043,2,2,pa,6.25
511,s043,2,3,im,2.71
512,s043,2,3,pc,4.33
513,s043,2,3,pa,6
514,s043,2,4,im,3
515,s043,2,4,pc,4.5
516,s043,2,4,pa,5.25
517,s044,1,1,im,4
518,s044,1,1,pc,1.83
519,s044,1,1,pa,6.75
520,s044,1,2,im,3.86
521,s044,1,2,pc,3
522,s044,1,2,pa,7
523,s044,1,3,im,4.14
524,s044,1,3,pc,3.33
525,s044,1,3,pa,7
526,s044,1,4,im,3.86
527,s044,1,4,pc,3.33
528,s044,1,4,pa,7
529,s045,1,1,im,4.29
530,s045,1,1,pc,3.67
531,s045,1,1,pa,7
532,s045,1,2,im,5
533,s045,1,2,pc,4
534,s045,1,2,pa,7
535,s045,1,3,im,4
536,s045,1,3,pc,3.83
537,s045,1,3,pa,7
538,s045,1,4,im,4.57
539,s045,1,4,pc,3.5
540,s045,1,4,pa,7
541,s046,2,1,im,4.71
542,s046,2,1,pc,3
543,s046,2,1,pa,4.5
544,s046,2,2,im,4.71
545,s046,2,2,pc,3.33
546,s046,2,2,pa,4.5
547,s046,2,3,im,4.86
548,s046,2,3,pc,4.33
549,s046,2,3,pa,4.75
550,s046,2,4,im,4.29
551,s046,2,4,pc,3.33
552,s046,2,4,pa,4.25
553,s047,2,1,im,3.86
554,s047,2,1,pc,5.33
555,s047,2,1,pa,6
556,s047,2,2,im,4
557,s047,2,2,pc,2.17
558,s047,2,2,pa,6
559,s047,2,3,im,3
560,s047,2,3,pc,1.33
561,s047,2,3,pa,6
562,s047,2,4,im,3.14
563,s047,2,4,pc,1.17
564,s047,2,4,pa,6
565,s048,2,1,im,4.43
566,s048,2,1,pc,4
567,s048,2,1,pa,7
568,s048,2,2,im,4.29
569,s048,2,2,pc,1.17
570,s048,2,2,pa,7
571,s048,2,3,im,3.86
572,s048,2,3,pc,1
573,s048,2,3,pa,7
574,s048,2,4,im,3.43
575,s048,2,4,pc,1
576,s048,2,4,pa,7
577,s049,2,1,im,4.71
578,s049,2,1,pc,3
579,s049,2,1,pa,6.25
580,s049,2,2,im,4.43
581,s049,2,2,pc,4.67
582,s049,2,2,pa,6.5
583,s049,2,3,im,5.14
584,s049,2,3,pc,4.67
585,s049,2,3,pa,6.75
586,s049,2,4,im,5.14
587,s049,2,4,pc,4.5
588,s049,2,4,pa,6.75
589,s050,1,1,im,4.71
590,s050,1,1,pc,3
591,s050,1,1,pa,6.25
592,s050,1,2,im,4.29
593,s050,1,2,pc,3.17
594,s050,1,2,pa,6.5
595,s050,1,3,im,4.29
596,s050,1,3,pc,3.17
597,s050,1,3,pa,6
598,s050,1,4,im,4.29
599,s050,1,4,pc,4
600,s050,1,4,pa,6.5
601,s051,1,1,im,5
602,s051,1,1,pc,5
603,s051,1,1,pa,3.25
604,s051,1,2,im,5.43
605,s051,1,2,pc,5
606,s051,1,2,pa,3.75
607,s051,1,3,im,4.86
608,s051,1,3,pc,5
609,s051,1,3,pa,3
610,s051,1,4,im,4.43
611,s051,1,4,pc,4.83
612,s051,1,4,pa,3.75
613,s052,2,1,im,4.43
614,s052,2,1,pc,5.17
615,s052,2,1,pa,5.5
616,s052,2,2,im,4.86
617,s052,2,2,pc,3.67
618,s052,2,2,pa,5.5
619,s052,2,3,im,4.57
620,s052,2,3,pc,3.17
621,s052,2,3,pa,6.25
622,s052,2,4,im,4
623,s052,2,4,pc,3.67
624,s052,2,4,pa,5.75
625,s053,2,1,im,3.14
626,s053,2,1,pc,2.67
627,s053,2,1,pa,5.75
628,s053,2,2,im,3
629,s053,2,2,pc,2.33
630,s053,2,2,pa,5.75
631,s053,2,3,im,2.86
632,s053,2,3,pc,1.67
633,s053,2,3,pa,6
634,s053,2,4,im,2.86
635,s053,2,4,pc,2
636,s053,2,4,pa,5.25
637,s054,2,1,im,3.86
638,s054,2,1,pc,3.33
639,s054,2,1,pa,4.5
640,s054,2,2,im,4.29
641,s054,2,2,pc,4.67
642,s054,2,2,pa,5.25
643,s054,2,3,im,3.86
644,s054,2,3,pc,5.17
645,s054,2,3,pa,5.5
646,s054,2,4,im,4.29
647,s054,2,4,pc,4.33
648,s054,2,4,pa,6.25
649,s055,2,1,im,5.57
650,s055,2,1,pc,4.67
651,s055,2,1,pa,6.5
652,s055,2,2,im,6.14
653,s055,2,2,pc,4.33
654,s055,2,2,pa,7
655,s055,2,3,im,5.43
656,s055,2,3,pc,4.5
657,s055,2,3,pa,6.5
658,s055,2,4,im,6
659,s055,2,4,pc,3.83
660,s055,2,4,pa,7
661,s056,2,1,im,4.29
662,s056,2,1,pc,4
663,s056,2,1,pa,6.75
664,s056,2,2,im,4.29
665,s056,2,2,pc,2.67
666,s056,2,2,pa,7
667,s056,2,3,im,3.57
668,s056,2,3,pc,2.33
669,s056,2,3,pa,7
670,s056,2,4,im,3.86
671,s056,2,4,pc,2.17
672,s056,2,4,pa,6.75
673,s057,1,1,im,4.43
674,s057,1,1,pc,3
675,s057,1,1,pa,5.5
676,s057,1,2,im,4
677,s057,1,2,pc,2
678,s057,1,2,pa,6.5
679,s057,1,3,im,4
680,s057,1,3,pc,1.5
681,s057,1,3,pa,7
682,s057,1,4,im,4
683,s057,1,4,pc,1.5
684,s057,1,4,pa,7
685,s058,1,1,im,4.14
686,s058,1,1,pc,4.5
687,s058,1,1,pa,6.75
688,s058,1,2,im,4.86
689,s058,1,2,pc,4.83
690,s058,1,2,pa,7
691,s058,1,3,im,5
692,s058,1,3,pc,5.33
693,s058,1,3,pa,6.75
694,s058,1,4,im,4
695,s058,1,4,pc,5.17
696,s058,1,4,pa,6.25
697,s059,1,1,im,6.43
698,s059,1,1,pc,5.83
699,s059,1,1,pa,6.25
700,s059,1,2,im,6.29
701,s059,1,2,pc,4.83
702,s059,1,2,pa,7
703,s059,1,3,im,6.29
704,s059,1,3,pc,5.5
705,s059,1,3,pa,6.25
706,s059,1,4,im,6.29
707,s059,1,4,pc,6
708,s059,1,4,pa,6.5
709,s060,2,1,im,2.43
710,s060,2,1,pc,2.83
711,s060,2,1,pa,5.25
712,s060,2,2,im,3.14
713,s060,2,2,pc,3.33
714,s060,2,2,pa,5.5
715,s060,2,3,im,2.71
716,s060,2,3,pc,2.83
717,s060,2,3,pa,6.25
718,s060,2,4,im,2.57
719,s060,2,4,pc,3
720,s060,2,4,pa,6.5
721,s061,1,1,im,3.29
722,s061,1,1,pc,3.83
723,s061,1,1,pa,4.75
724,s061,1,2,im,4.29
725,s061,1,2,pc,3.67
726,s061,1,2,pa,4.75
727,s061,1,3,im,4
728,s061,1,3,pc,3.83
729,s061,1,3,pa,4.5
730,s061,1,4,im,3.57
731,s061,1,4,pc,3.5
732,s061,1,4,pa,4.5
733,s062,2,1,im,5
734,s062,2,1,pc,4.5
735,s062,2,1,pa,6.75
736,s062,2,2,im,4.43
737,s062,2,2,pc,3.33
738,s062,2,2,pa,4.75
739,s062,2,3,im,4.71
740,s062,2,3,pc,2.5
741,s062,2,3,pa,4.75
742,s062,2,4,im,4.57
743,s062,2,4,pc,3.17
744,s062,2,4,pa,5.5
745,s063,1,1,im,4.71
746,s063,1,1,pc,4.17
747,s063,1,1,pa,5.5
748,s063,1,2,im,4.57
749,s063,1,2,pc,2.5
750,s063,1,2,pa,5.5
751,s063,1,3,im,4.43
752,s063,1,3,pc,4
753,s063,1,3,pa,5
754,s063,1,4,im,4.57
755,s063,1,4,pc,4.17
756,s063,1,4,pa,5.5
757,s064,1,1,im,6.57
758,s064,1,1,pc,3.83
759,s064,1,1,pa,5.5
760,s064,1,2,im,6.71
761,s064,1,2,pc,5.5
762,s064,1,2,pa,6.25
763,s064,1,3,im,5.86
764,s064,1,3,pc,4.83
765,s064,1,3,pa,5.75
766,s064,1,4,im,6.14
767,s064,1,4,pc,4.83
768,s064,1,4,pa,5
769,s065,1,1,im,4.57
770,s065,1,1,pc,3.17
771,s065,1,1,pa,5.25
772,s065,1,2,im,5
773,s065,1,2,pc,5.5
774,s065,1,2,pa,4.5
775,s065,1,3,im,5.43
776,s065,1,3,pc,5.17
777,s065,1,3,pa,5
778,s065,1,4,im,5.43
779,s065,1,4,pc,5.33
780,s065,1,4,pa,4.5
781,s066,2,1,im,5.86
782,s066,2,1,pc,4.5
783,s066,2,1,pa,6.25
784,s066,2,2,im,5.86
785,s066,2,2,pc,2.17
786,s066,2,2,pa,6.25
787,s066,2,3,im,5.86
788,s066,2,3,pc,2.33
789,s066,2,3,pa,6.25
790,s066,2,4,im,5.86
791,s066,2,4,pc,2.17
792,s066,2,4,pa,5.25
793,s067,2,1,im,5.14
794,s067,2,1,pc,4
795,s067,2,1,pa,5.75
796,s067,2,2,im,4.86
797,s067,2,2,pc,3.33
798,s067,2,2,pa,7
799,s067,2,3,im,4.14
800,s067,2,3,pc,3.67
801,s067,2,3,pa,6.75
802,s067,2,4,im,4.57
803,s067,2,4,pc,3.83
804,s067,2,4,pa,6.75
805,s068,2,1,im,4.14
806,s068,2,1,pc,3.33
807,s068,2,1,pa,4.5
808,s068,2,2,im,5.29
809,s068,2,2,pc,3.17
810,s068,2,2,pa,4.75
811,s068,2,3,im,3.86
812,s068,2,3,pc,1.67
813,s068,2,3,pa,4.5
814,s068,2,4,im,4.43
815,s068,2,4,pc,2
816,s068,2,4,pa,5.5
817,s069,2,1,im,5.57
818,s069,2,1,pc,3.83
819,s069,2,1,pa,6
820,s069,2,2,im,5.71
821,s069,2,2,pc,4.67
822,s069,2,2,pa,5.75
823,s069,2,3,im,6.29
824,s069,2,3,pc,4.67
825,s069,2,3,pa,5.5
826,s069,2,4,im,5.86
827,s069,2,4,pc,4.5
828,s069,2,4,pa,5.25
829,s070,1,1,im,5.57
830,s070,1,1,pc,3.67
831,s070,1,1,pa,6.25
832,s070,1,2,im,5.29
833,s070,1,2,pc,3
834,s070,1,2,pa,6.5
835,s070,1,3,im,5.14
836,s070,1,3,pc,3
837,s070,1,3,pa,6.5
838,s070,1,4,im,5.29
839,s070,1,4,pc,3
840,s070,1,4,pa,6.25
841,s071,1,1,im,4.71
842,s071,1,1,pc,3.83
843,s071,1,1,pa,7
844,s071,1,2,im,3.86
845,s071,1,2,pc,4.17
846,s071,1,2,pa,6.25
847,s071,1,3,im,4.71
848,s071,1,3,pc,4.5
849,s071,1,3,pa,6.75
850,s071,1,4,im,4.29
851,s071,1,4,pc,4.17
852,s071,1,4,pa,6.5
853,s072,2,1,im,4.71
854,s072,2,1,pc,3.83
855,s072,2,1,pa,6.5
856,s072,2,2,im,5.14
857,s072,2,2,pc,1.67
858,s072,2,2,pa,6.25
859,s072,2,3,im,5.71
860,s072,2,3,pc,1.5
861,s072,2,3,pa,7
862,s072,2,4,im,5.71
863,s072,2,4,pc,1.67
864,s072,2,4,pa,7
865,s073,2,1,im,4.57
866,s073,2,1,pc,2.5
867,s073,2,1,pa,4.75
868,s073,2,2,im,3.86
869,s073,2,2,pc,2.17
870,s073,2,2,pa,5.5
871,s073,2,3,im,3.57
872,s073,2,3,pc,2
873,s073,2,3,pa,5.25
874,s073,2,4,im,3.86
875,s073,2,4,pc,2
876,s073,2,4,pa,5
877,s074,1,1,im,4.43
878,s074,1,1,pc,4
879,s074,1,1,pa,5.75
880,s074,1,2,im,4.29
881,s074,1,2,pc,3.83
882,s074,1,2,pa,5.25
883,s074,1,3,im,4.43
884,s074,1,3,pc,3.83
885,s074,1,3,pa,5.25
886,s074,1,4,im,4.57
887,s074,1,4,pc,3.83
888,s074,1,4,pa,5
889,s075,2,1,im,3.86
890,s075,2,1,pc,3
891,s075,2,1,pa,7
892,s075,2,2,im,3.29
893,s075,2,2,pc,3.67
894,s075,2,2,pa,7
895,s075,2,3,im,3
896,s075,2,3,pc,4
897,s075,2,3,pa,7
898,s075,2,4,im,3.14
899,s075,2,4,pc,3.5
900,s075,2,4,pa,7
901,s076,1,1,im,6.14
902,s076,1,1,pc,4.33
903,s076,1,1,pa,7
904,s076,1,2,im,5.71
905,s076,1,2,pc,5.67
906,s076,1,2,pa,7
907,s076,1,3,im,5.71
908,s076,1,3,pc,5.17
909,s076,1,3,pa,7
910,s076,1,4,im,5.57
911,s076,1,4,pc,5
912,s076,1,4,pa,7
913,s100,4,1,im,3.57
914,s100,4,1,pc,2.83
915,s100,4,1,pa,7
916,s100,4,2,im,3.86
917,s100,4,2,pc,3.33
918,s100,4,2,pa,7
919,s100,4,3,im,4
920,s100,4,3,pc,3.67
921,s100,4,3,pa,7
922,s100,4,4,im,3.71
923,s100,4,4,pc,3.67
924,s100,4,4,pa,7
925,s101,3,1,im,4.14
926,s101,3,1,pc,3.33
927,s101,3,1,pa,5.25
928,s101,3,2,im,3.29
929,s101,3,2,pc,3
930,s101,3,2,pa,4.75
931,s101,3,3,im,3.14
932,s101,3,3,pc,4.33
933,s101,3,3,pa,5.25
934,s101,3,4,im,3.14
935,s101,3,4,pc,4.67
936,s101,3,4,pa,4.75
937,s102,3,1,im,3.57
938,s102,3,1,pc,3.83
939,s102,3,1,pa,6
940,s102,3,2,im,4.43
941,s102,3,2,pc,5
942,s102,3,2,pa,6
943,s102,3,3,im,4.43
944,s102,3,3,pc,6.17
945,s102,3,3,pa,5.5
946,s102,3,4,im,4.14
947,s102,3,4,pc,5.5
948,s102,3,4,pa,5.5
949,s103,4,1,im,5
950,s103,4,1,pc,1.83
951,s103,4,1,pa,5.5
952,s103,4,2,im,4.57
953,s103,4,2,pc,2
954,s103,4,2,pa,5.25
955,s103,4,3,im,3.57
956,s103,4,3,pc,1.83
957,s103,4,3,pa,4
958,s103,4,4,im,3
959,s103,4,4,pc,1.33
960,s103,4,4,pa,3.5
961,s104,3,1,im,4.14
962,s104,3,1,pc,3.67
963,s104,3,1,pa,5.75
964,s104,3,2,im,3.43
965,s104,3,2,pc,3.83
966,s104,3,2,pa,6
967,s104,3,3,im,3.14
968,s104,3,3,pc,4.83
969,s104,3,3,pa,5.75
970,s104,3,4,im,3
971,s104,3,4,pc,5
972,s104,3,4,pa,6
973,s105,4,1,im,5.57
974,s105,4,1,pc,2.67
975,s105,4,1,pa,5.5
976,s105,4,2,im,5.57
977,s105,4,2,pc,2.67
978,s105,4,2,pa,5.75
979,s105,4,3,im,5.57
980,s105,4,3,pc,2.67
981,s105,4,3,pa,5.5
982,s105,4,4,im,5.43
983,s105,4,4,pc,3
984,s105,4,4,pa,5.75
985,s106,3,1,im,2.43
986,s106,3,1,pc,3
987,s106,3,1,pa,4.25
988,s106,3,2,im,2.14
989,s106,3,2,pc,2.33
990,s106,3,2,pa,3.5
991,s106,3,3,im,2.14
992,s106,3,3,pc,2.17
993,s106,3,3,pa,4
994,s106,3,4,im,2.14
995,s106,3,4,pc,2.33
996,s106,3,4,pa,3.75
997,s107,4,1,im,4.86
998,s107,4,1,pc,3.67
999,s107,4,1,pa,5.75
1000,s107,4,2,im,4.57
1001,s107,4,2,pc,3.67
1002,s107,4,2,pa,6.25
1003,s107,4,3,im,4
1004,s107,4,3,pc,2.67
1005,s107,4,3,pa,6
1006,s107,4,4,im,3.57
1007,s107,4,4,pc,3.17
1008,s107,4,4,pa,5.25
1009,s108,4,1,im,3.86
1010,s108,4,1,pc,2.83
1011,s108,4,1,pa,6
1012,s108,4,2,im,3.71
1013,s108,4,2,pc,1.5
1014,s108,4,2,pa,5.5
1015,s108,4,3,im,3.43
1016,s108,4,3,pc,1.33
1017,s108,4,3,pa,5.75
1018,s108,4,4,im,3.57
1019,s108,4,4,pc,1.5
1020,s108,4,4,pa,4.5
1021,s109,3,1,im,6.57
1022,s109,3,1,pc,4.67
1023,s109,3,1,pa,3.75
1024,s109,3,2,im,6.86
1025,s109,3,2,pc,5.83
1026,s109,3,2,pa,6.75
1027,s109,3,3,im,6.86
1028,s109,3,3,pc,5.67
1029,s109,3,3,pa,5.75
1030,s109,3,4,im,6.29
1031,s109,3,4,pc,5.5
1032,s109,3,4,pa,6
1033,s110,3,1,im,4.14
1034,s110,3,1,pc,4.67
1035,s110,3,1,pa,5.5
1036,s110,3,2,im,4.43
1037,s110,3,2,pc,3.33
1038,s110,3,2,pa,2.5
1039,s110,3,3,im,3.86
1040,s110,3,3,pc,3
1041,s110,3,3,pa,1.75
1042,s110,3,4,im,4.14
1043,s110,3,4,pc,3.5
1044,s110,3,4,pa,1.5
1045,s111,3,1,im,5
1046,s111,3,1,pc,2.5
1047,s111,3,1,pa,6.25
1048,s111,3,2,im,4.86
1049,s111,3,2,pc,2.83
1050,s111,3,2,pa,6
1051,s111,3,3,im,4.86
1052,s111,3,3,pc,2.5
1053,s111,3,3,pa,6
1054,s111,3,4,im,4.71
1055,s111,3,4,pc,3.33
1056,s111,3,4,pa,6
1057,s112,3,1,im,3.57
1058,s112,3,1,pc,5
1059,s112,3,1,pa,5.5
1060,s112,3,2,im,4.43
1061,s112,3,2,pc,3
1062,s112,3,2,pa,5
1063,s112,3,3,im,4.14
1064,s112,3,3,pc,4
1065,s112,3,3,pa,5.75
1066,s112,3,4,im,3.86
1067,s112,3,4,pc,3.33
1068,s112,3,4,pa,6
1069,s113,3,1,im,3.29
1070,s113,3,1,pc,4.17
1071,s113,3,1,pa,6.25
1072,s113,3,2,im,4
1073,s113,3,2,pc,5.5
1074,s113,3,2,pa,6
1075,s113,3,3,im,3.71
1076,s113,3,3,pc,5.33
1077,s113,3,3,pa,5.25
1078,s113,3,4,im,3.71
1079,s113,3,4,pc,5.5
1080,s113,3,4,pa,6
1081,s114,3,1,im,5.14
1082,s114,3,1,pc,4
1083,s114,3,1,pa,7
1084,s114,3,2,im,4.29
1085,s114,3,2,pc,3.33
1086,s114,3,2,pa,7
1087,s114,3,3,im,4.29
1088,s114,3,3,pc,3.83
1089,s114,3,3,pa,7
1090,s114,3,4,im,4.43
1091,s114,3,4,pc,3.67
1092,s114,3,4,pa,7
1093,s115,4,1,im,4.43
1094,s115,4,1,pc,3.17
1095,s115,4,1,pa,7
1096,s115,4,2,im,3.14
1097,s115,4,2,pc,2.83
1098,s115,4,2,pa,7
1099,s115,4,3,im,3
1100,s115,4,3,pc,3
1101,s115,4,3,pa,7
1102,s115,4,4,im,3.43
1103,s115,4,4,pc,2.83
1104,s115,4,4,pa,7
1105,s116,4,1,im,4
1106,s116,4,1,pc,2.83
1107,s116,4,1,pa,4.25
1108,s116,4,2,im,4.71
1109,s116,4,2,pc,3.33
1110,s116,4,2,pa,4
1111,s116,4,3,im,4.71
1112,s116,4,3,pc,3.33
1113,s116,4,3,pa,4.25
1114,s116,4,4,im,4.43
1115,s116,4,4,pc,3.17
1116,s116,4,4,pa,4
1117,s117,4,1,im,3.71
1118,s117,4,1,pc,3.17
1119,s117,4,1,pa,6
1120,s117,4,2,im,3.57
1121,s117,4,2,pc,2.33
1122,s117,4,2,pa,6
1123,s117,4,3,im,3.57
1124,s117,4,3,pc,2.33
1125,s117,4,3,pa,6
1126,s117,4,4,im,3.57
1127,s117,4,4,pc,2.5
1128,s117,4,4,pa,6
1129,s118,4,1,im,3.57
1130,s118,4,1,pc,2.83
1131,s118,4,1,pa,7
1132,s118,4,2,im,3.71
1133,s118,4,2,pc,2.33
1134,s118,4,2,pa,7
1135,s118,4,3,im,3
1136,s118,4,3,pc,2.33
1137,s118,4,3,pa,7
1138,s118,4,4,im,3
1139,s118,4,4,pc,2.5
1140,s118,4,4,pa,7
1141,s119,3,1,im,2.43
1142,s119,3,1,pc,2.5
1143,s119,3,1,pa,6.25
1144,s119,3,2,im,3.71
1145,s119,3,2,pc,3.67
1146,s119,3,2,pa,6
1147,s119,3,3,im,2.14
1148,s119,3,3,pc,2.83
1149,s119,3,3,pa,6.5
1150,s119,3,4,im,2.57
1151,s119,3,4,pc,2.5
1152,s119,3,4,pa,6.5
1153,s120,4,1,im,4
1154,s120,4,1,pc,4.33
1155,s120,4,1,pa,6.75
1156,s120,4,2,im,4.14
1157,s120,4,2,pc,3.17
1158,s120,4,2,pa,7
1159,s120,4,3,im,4.29
1160,s120,4,3,pc,3.33
1161,s120,4,3,pa,7
1162,s120,4,4,im,4.43
1163,s120,4,4,pc,3.5
1164,s120,4,4,pa,7
1165,s121,3,1,im,4.29
1166,s121,3,1,pc,5.5
1167,s121,3,1,pa,5
1168,s121,3,2,im,4.29
1169,s121,3,2,pc,5.67
1170,s121,3,2,pa,5
1171,s121,3,3,im,4.57
1172,s121,3,3,pc,5.5
1173,s121,3,3,pa,5.25
1174,s121,3,4,im,4.57
1175,s121,3,4,pc,5.67
1176,s121,3,4,pa,4.75
1177,s122,4,1,im,5.14
1178,s122,4,1,pc,5.67
1179,s122,4,1,pa,4.75
1180,s122,4,2,im,5.71
1181,s122,4,2,pc,3.5
1182,s122,4,2,pa,5
1183,s122,4,3,im,5.57
1184,s122,4,3,pc,5
1185,s122,4,3,pa,4.5
1186,s122,4,4,im,5.86
1187,s122,4,4,pc,4.33
1188,s122,4,4,pa,4.75
1189,s123,3,1,im,4.14
1190,s123,3,1,pc,2.17
1191,s123,3,1,pa,6
1192,s123,3,2,im,3.71
1193,s123,3,2,pc,3
1194,s123,3,2,pa,5
1195,s123,3,3,im,3.57
1196,s123,3,3,pc,3.5
1197,s123,3,3,pa,6.5
1198,s123,3,4,im,3.57
1199,s123,3,4,pc,2.83
1200,s123,3,4,pa,6.5
1201,s124,3,1,im,5.43
1202,s124,3,1,pc,3.83
1203,s124,3,1,pa,4.5
1204,s124,3,2,im,5.14
1205,s124,3,2,pc,3.83
1206,s124,3,2,pa,5
1207,s124,3,3,im,5.14
1208,s124,3,3,pc,3.5
1209,s124,3,3,pa,4.75
1210,s124,3,4,im,5.43
1211,s124,3,4,pc,3.5
1212,s124,3,4,pa,5
1213,s125,4,1,im,6.43
1214,s125,4,1,pc,4.5
1215,s125,4,1,pa,4.75
1216,s125,4,2,im,6.71
1217,s125,4,2,pc,4.67
1218,s125,4,2,pa,5
1219,s125,4,3,im,6.29
1220,s125,4,3,pc,4.83
1221,s125,4,3,pa,4.75
1222,s125,4,4,im,6.14
1223,s125,4,4,pc,4.83
1224,s125,4,4,pa,4.75
1225,s126,4,1,im,4
1226,s126,4,1,pc,3.83
1227,s126,4,1,pa,5.75
1228,s126,4,2,im,4
1229,s126,4,2,pc,4.17
1230,s126,4,2,pa,5.5
1231,s126,4,3,im,4.14
1232,s126,4,3,pc,4.33
1233,s126,4,3,pa,6
1234,s126,4,4,im,4.43
1235,s126,4,4,pc,4
1236,s126,4,4,pa,6
1237,s127,4,1,im,4.14
1238,s127,4,1,pc,4.17
1239,s127,4,1,pa,2.25
1240,s127,4,2,im,4.29
1241,s127,4,2,pc,3.67
1242,s127,4,2,pa,2.5
1243,s127,4,3,im,4.29
1244,s127,4,3,pc,4
1245,s127,4,3,pa,2.25
1246,s127,4,4,im,4.14
1247,s127,4,4,pc,4.33
1248,s127,4,4,pa,2.5
1249,s128,3,1,im,6.43
1250,s128,3,1,pc,2
1251,s128,3,1,pa,7
1252,s128,3,2,im,6.43
1253,s128,3,2,pc,2.5
1254,s128,3,2,pa,7
1255,s128,3,3,im,6.57
1256,s128,3,3,pc,3.67
1257,s128,3,3,pa,6.25
1258,s128,3,4,im,6.57
1259,s128,3,4,pc,2.5
1260,s128,3,4,pa,6.25
1261,s129,3,1,im,3.86
1262,s129,3,1,pc,4
1263,s129,3,1,pa,6.25
1264,s129,3,2,im,4.86
1265,s129,3,2,pc,4.33
1266,s129,3,2,pa,7
1267,s129,3,3,im,4.29
1268,s129,3,3,pc,4.17
1269,s129,3,3,pa,7
1270,s129,3,4,im,4.29
1271,s129,3,4,pc,4.17
1272,s129,3,4,pa,7
1273,s130,4,1,im,3.86
1274,s130,4,1,pc,4.5
1275,s130,4,1,pa,5.5
1276,s130,4,2,im,3.57
1277,s130,4,2,pc,3
1278,s130,4,2,pa,6
1279,s130,4,3,im,3.71
1280,s130,4,3,pc,3.17
1281,s130,4,3,pa,4.25
1282,s130,4,4,im,4.14
1283,s130,4,4,pc,3.33
1284,s130,4,4,pa,4
1285,s131,4,1,im,2.86
1286,s131,4,1,pc,3
1287,s131,4,1,pa,5
1288,s131,4,2,im,3
1289,s131,4,2,pc,2.67
1290,s131,4,2,pa,4.75
1291,s131,4,3,im,2.57
1292,s131,4,3,pc,1.83
1293,s131,4,3,pa,4.5
1294,s131,4,4,im,2
1295,s131,4,4,pc,2.33
1296,s131,4,4,pa,4.25
1297,s132,4,1,im,3.29
1298,s132,4,1,pc,2.33
1299,s132,4,1,pa,4.25
1300,s132,4,2,im,3.57
1301,s132,4,2,pc,3.17
1302,s132,4,2,pa,5
1303,s132,4,3,im,3.14
1304,s132,4,3,pc,2.67
1305,s132,4,3,pa,4.5
1306,s132,4,4,im,3
1307,s132,4,4,pc,3
1308,s132,4,4,pa,4.5
1309,s133,3,1,im,3.86
1310,s133,3,1,pc,3.83
1311,s133,3,1,pa,5.75
1312,s133,3,2,im,4
1313,s133,3,2,pc,3.33
1314,s133,3,2,pa,5.5
1315,s133,3,3,im,4
1316,s133,3,3,pc,3.67
1317,s133,3,3,pa,5
1318,s133,3,4,im,3.86
1319,s133,3,4,pc,3.67
1320,s133,3,4,pa,5
1321,s134,3,1,im,3.71
1322,s134,3,1,pc,4.17
1323,s134,3,1,pa,6.75
1324,s134,3,2,im,3.71
1325,s134,3,2,pc,3.67
1326,s134,3,2,pa,7
1327,s134,3,3,im,2.14
1328,s134,3,3,pc,4
1329,s134,3,3,pa,7
1330,s134,3,4,im,2.29
1331,s134,3,4,pc,3.83
1332,s134,3,4,pa,7
1333,s135,3,1,im,3.86
1334,s135,3,1,pc,4.33
1335,s135,3,1,pa,7
1336,s135,3,2,im,3.86
1337,s135,3,2,pc,2.83
1338,s135,3,2,pa,7
1339,s135,3,3,im,3.43
1340,s135,3,3,pc,3.67
1341,s135,3,3,pa,6.75
1342,s135,3,4,im,3.14
1343,s135,3,4,pc,3.33
1344,s135,3,4,pa,5
1345,s136,3,1,im,3.86
1346,s136,3,1,pc,3.17
1347,s136,3,1,pa,6.75
1348,s136,3,2,im,4.14
1349,s136,3,2,pc,3.5
1350,s136,3,2,pa,7
1351,s136,3,3,im,3.86
1352,s136,3,3,pc,4.33
1353,s136,3,3,pa,7
1354,s136,3,4,im,4.14
1355,s136,3,4,pc,3.83
1356,s136,3,4,pa,6.75
1357,s137,3,1,im,4
1358,s137,3,1,pc,2.67
1359,s137,3,1,pa,5
1360,s137,3,2,im,4.57
1361,s137,3,2,pc,4.67
1362,s137,3,2,pa,3.5
1363,s137,3,3,im,3.57
1364,s137,3,3,pc,5
1365,s137,3,3,pa,3.5
1366,s137,3,4,im,3.57
1367,s137,3,4,pc,5.17
1368,s137,3,4,pa,3.25
1369,s138,4,1,im,3.43
1370,s138,4,1,pc,3
1371,s138,4,1,pa,5.25
1372,s138,4,2,im,4.14
1373,s138,4,2,pc,2.67
1374,s138,4,2,pa,5
1375,s138,4,3,im,4.43
1376,s138,4,3,pc,3.5
1377,s138,4,3,pa,4.75
1378,s138,4,4,im,4.29
1379,s138,4,4,pc,3.5
1380,s138,4,4,pa,5
1381,s139,4,1,im,3.57
1382,s139,4,1,pc,3.17
1383,s139,4,1,pa,6.25
1384,s139,4,2,im,3
1385,s139,4,2,pc,2.33
1386,s139,4,2,pa,6
1387,s139,4,3,im,3
1388,s139,4,3,pc,2.33
1389,s139,4,3,pa,6
1390,s139,4,4,im,3.14
1391,s139,4,4,pc,2.33
1392,s139,4,4,pa,6
1393,s140,4,1,im,4.43
1394,s140,4,1,pc,2.83
1395,s140,4,1,pa,4
1396,s140,4,2,im,5.14
1397,s140,4,2,pc,2.33
1398,s140,4,2,pa,3.75
1399,s140,4,3,im,5
1400,s140,4,3,pc,2.83
1401,s140,4,3,pa,4
1402,s140,4,4,im,5.14
1403,s140,4,4,pc,3
1404,s140,4,4,pa,3.5
1405,s141,3,1,im,4.86
1406,s141,3,1,pc,3.83
1407,s141,3,1,pa,5.75
1408,s141,3,2,im,5.43
1409,s141,3,2,pc,4.67
1410,s141,3,2,pa,7
1411,s141,3,3,im,5
1412,s141,3,3,pc,4.5
1413,s141,3,3,pa,5.75
1414,s141,3,4,im,4.57
1415,s141,3,4,pc,4.67
1416,s141,3,4,pa,6.75
1417,s142,3,1,im,5.43
1418,s142,3,1,pc,2.33
1419,s142,3,1,pa,6.5
1420,s142,3,2,im,5.57
1421,s142,3,2,pc,3
1422,s142,3,2,pa,6.25
1423,s142,3,3,im,4.71
1424,s142,3,3,pc,2.17
1425,s142,3,3,pa,6
1426,s142,3,4,im,4.71
1427,s142,3,4,pc,2.33
1428,s142,3,4,pa,6
1429,s143,4,1,im,3.71
1430,s143,4,1,pc,2.33
1431,s143,4,1,pa,6.5
1432,s143,4,2,im,4.14
1433,s143,4,2,pc,2.33
1434,s143,4,2,pa,6
1435,s143,4,3,im,3.71
1436,s143,4,3,pc,1.5
1437,s143,4,3,pa,5.5
1438,s143,4,4,im,4
1439,s143,4,4,pc,2.33
1440,s143,4,4,pa,5.25
1441,s144,4,1,im,5.86
1442,s144,4,1,pc,4
1443,s144,4,1,pa,7
1444,s144,4,2,im,5.57
1445,s144,4,2,pc,2.83
1446,s144,4,2,pa,7
1447,s144,4,3,im,5.43
1448,s144,4,3,pc,3.5
1449,s144,4,3,pa,7
1450,s144,4,4,im,5.57
1451,s144,4,4,pc,3.33
1452,s144,4,4,pa,7
1453,s145,3,1,im,4.43
1454,s145,3,1,pc,1.83
1455,s145,3,1,pa,5.75
1456,s145,3,2,im,4.57
1457,s145,3,2,pc,3.5
1458,s145,3,2,pa,5
1459,s145,3,3,im,3.14
1460,s145,3,3,pc,4.5
1461,s145,3,3,pa,4.75
1462,s145,3,4,im,2.57
1463,s145,3,4,pc,4
1464,s145,3,4,pa,4
1465,s146,3,1,im,4.71
1466,s146,3,1,pc,4
1467,s146,3,1,pa,7
1468,s146,3,2,im,5
1469,s146,3,2,pc,3.33
1470,s146,3,2,pa,6.5
1471,s146,3,3,im,4.29
1472,s146,3,3,pc,4
1473,s146,3,3,pa,6.5
1474,s146,3,4,im,4.29
1475,s146,3,4,pc,3.83
1476,s146,3,4,pa,6.75
1477,s147,4,1,im,3.57
1478,s147,4,1,pc,4.17
1479,s147,4,1,pa,4.75
1480,s147,4,2,im,4
1481,s147,4,2,pc,2.67
1482,s147,4,2,pa,4.25
1483,s147,4,3,im,3.43
1484,s147,4,3,pc,2.83
1485,s147,4,3,pa,3.5
1486,s147,4,4,im,3.86
1487,s147,4,4,pc,3.5
1488,s147,4,4,pa,4
1489,s148,4,1,im,3.57
1490,s148,4,1,pc,4.17
1491,s148,4,1,pa,7
1492,s148,4,2,im,3.71
1493,s148,4,2,pc,1.17
1494,s148,4,2,pa,7
1495,s148,4,3,im,3.29
1496,s148,4,3,pc,1.17
1497,s148,4,3,pa,5.5
1498,s148,4,4,im,3.57
1499,s148,4,4,pc,2.17
1500,s148,4,4,pa,5.75
1501,s149,4,1,im,3.71
1502,s149,4,1,pc,3
1503,s149,4,1,pa,7
1504,s149,4,2,im,3.86
1505,s149,4,2,pc,3
1506,s149,4,2,pa,7
1507,s149,4,3,im,3.86
1508,s149,4,3,pc,3.5
1509,s149,4,3,pa,7
1510,s149,4,4,im,3.86
1511,s149,4,4,pc,3.17
1512,s149,4,4,pa,7
1513,s150,4,1,im,2.29
1514,s150,4,1,pc,2.67
1515,s150,4,1,pa,6.5
1516,s150,4,2,im,1.71
1517,s150,4,2,pc,2
1518,s150,4,2,pa,6.25
1519,s150,4,3,im,2
1520,s150,4,3,pc,2.33
1521,s150,4,3,pa,6.5
1522,s150,4,4,im,1.71
1523,s150,4,4,pc,2.17
1524,s150,4,4,pa,6.5
1525,s151,4,1,im,6.57
1526,s151,4,1,pc,4.83
1527,s151,4,1,pa,4.75
1528,s151,4,2,im,6.57
1529,s151,4,2,pc,2.5
1530,s151,4,2,pa,6.75
1531,s151,4,3,im,6.86
1532,s151,4,3,pc,4.17
1533,s151,4,3,pa,7
1534,s151,4,4,im,6.86
1535,s151,4,4,pc,4.17
1536,s151,4,4,pa,6.75
1537,s152,4,1,im,4.71
1538,s152,4,1,pc,2.33
1539,s152,4,1,pa,6.25
1540,s152,4,2,im,5.71
1541,s152,4,2,pc,2
1542,s152,4,2,pa,5.5
1543,s152,4,3,im,5.43
1544,s152,4,3,pc,3
1545,s152,4,3,pa,5.5
1546,s152,4,4,im,5.86
1547,s152,4,4,pc,2
1548,s152,4,4,pa,5.75
1549,s153,4,1,im,3
1550,s153,4,1,pc,2.67
1551,s153,4,1,pa,4.5
1552,s153,4,2,im,3.43
1553,s153,4,2,pc,2.5
1554,s153,4,2,pa,5
1555,s153,4,3,im,3
1556,s153,4,3,pc,2.33
1557,s153,4,3,pa,5.25
1558,s153,4,4,im,2.57
1559,s153,4,4,pc,2.33
1560,s153,4,4,pa,5
1561,s154,3,1,im,6.29
1562,s154,3,1,pc,4
1563,s154,3,1,pa,6.75
1564,s154,3,2,im,6.86
1565,s154,3,2,pc,5.67
1566,s154,3,2,pa,7
1567,s154,3,3,im,6.57
1568,s154,3,3,pc,5.33
1569,s154,3,3,pa,7
1570,s154,3,4,im,6.57
1571,s154,3,4,pc,4.5
1572,s154,3,4,pa,7
1573,s155,4,1,im,4
1574,s155,4,1,pc,3.83
1575,s155,4,1,pa,6.75
1576,s155,4,2,im,3.57
1577,s155,4,2,pc,2
1578,s155,4,2,pa,6.75
1579,s155,4,3,im,4.29
1580,s155,4,3,pc,2.5
1581,s155,4,3,pa,7
1582,s155,4,4,im,4
1583,s155,4,4,pc,2.33
1584,s155,4,4,pa,7
1585,s156,3,1,im,4.71
1586,s156,3,1,pc,2
1587,s156,3,1,pa,4.25
1588,s156,3,2,im,4.14
1589,s156,3,2,pc,2.33
1590,s156,3,2,pa,3.75
1591,s156,3,3,im,4.14
1592,s156,3,3,pc,2.5
1593,s156,3,3,pa,3.75
1594,s156,3,4,im,3.86
1595,s156,3,4,pc,2.33
1596,s156,3,4,pa,4
1597,s157,4,1,im,4.29
1598,s157,4,1,pc,5
1599,s157,4,1,pa,7
1600,s157,4,2,im,4.57
1601,s157,4,2,pc,2.67
1602,s157,4,2,pa,7
1603,s157,4,3,im,4
1604,s157,4,3,pc,2.17
1605,s157,4,3,pa,7
1606,s157,4,4,im,4
1607,s157,4,4,pc,2.83
1608,s157,4,4,pa,6.75
1609,s158,3,1,im,3.43
1610,s158,3,1,pc,3.67
1611,s158,3,1,pa,5.5
1612,s158,3,2,im,5
1613,s158,3,2,pc,2.67
1614,s158,3,2,pa,5.75
1615,s158,3,3,im,5.29
1616,s158,3,3,pc,3.5
1617,s158,3,3,pa,5.75
1618,s158,3,4,im,5.71
1619,s158,3,4,pc,3.33
1620,s158,3,4,pa,4.75
1621,s159,4,1,im,4.86
1622,s159,4,1,pc,4.67
1623,s159,4,1,pa,5.5
1624,s159,4,2,im,3.71
1625,s159,4,2,pc,2
1626,s159,4,2,pa,3.75
1627,s159,4,3,im,5.14
1628,s159,4,3,pc,4.33
1629,s159,4,3,pa,4.5
1630,s159,4,4,im,5.14
1631,s159,4,4,pc,3.83
1632,s159,4,4,pa,5.5
1633,s160,3,1,im,3.57
1634,s160,3,1,pc,4.17
1635,s160,3,1,pa,4.5
1636,s160,3,2,im,4.71
1637,s160,3,2,pc,4
1638,s160,3,2,pa,2.75
1639,s160,3,3,im,4.86
1640,s160,3,3,pc,3.33
1641,s160,3,3,pa,2.75
1642,s160,3,4,im,3.86
1643,s160,3,4,pc,3
1644,s160,3,4,pa,3.25
1645,s161,3,1,im,4.14
1646,s161,3,1,pc,3.33
1647,s161,3,1,pa,4.5
1648,s161,3,2,im,4.43
1649,s161,3,2,pc,4.5
1650,s161,3,2,pa,3.25
1651,s161,3,3,im,4.43
1652,s161,3,3,pc,5
1653,s161,3,3,pa,4
1654,s161,3,4,im,3.86
1655,s161,3,4,pc,4.5
1656,s161,3,4,pa,4
1657,s162,4,1,im,5.57
1658,s162,4,1,pc,4.5
1659,s162,4,1,pa,5.75
1660,s162,4,2,im,5.57
1661,s162,4,2,pc,3.33
1662,s162,4,2,pa,5.5
1663,s162,4,3,im,4.86
1664,s162,4,3,pc,4.5
1665,s162,4,3,pa,4.75
1666,s162,4,4,im,5.14
1667,s162,4,4,pc,4.17
1668,s162,4,4,pa,5.5
1669,s163,3,1,im,5.43
1670,s163,3,1,pc,4.5
1671,s163,3,1,pa,6
1672,s163,3,2,im,6.14
1673,s163,3,2,pc,6.17
1674,s163,3,2,pa,4.5
1675,s163,3,3,im,5.57
1676,s163,3,3,pc,5.83
1677,s163,3,3,pa,4.75
1678,s163,3,4,im,5.29
1679,s163,3,4,pc,5.67
1680,s163,3,4,pa,5.5
1681,s164,3,1,im,5.14
1682,s164,3,1,pc,2.83
1683,s164,3,1,pa,4.25
1684,s164,3,2,im,5.14
1685,s164,3,2,pc,3.67
1686,s164,3,2,pa,4.25
1687,s164,3,3,im,5
1688,s164,3,3,pc,4.17
1689,s164,3,3,pa,4.5
1690,s164,3,4,im,5
1691,s164,3,4,pc,3.83
1692,s164,3,4,pa,4.25
1693,s165,4,1,im,3.71
1694,s165,4,1,pc,3
1695,s165,4,1,pa,6.75
1696,s165,4,2,im,4.14
1697,s165,4,2,pc,3.17
1698,s165,4,2,pa,7
1699,s165,4,3,im,4.71
1700,s165,4,3,pc,2.17
1701,s165,4,3,pa,7
1702,s165,4,4,im,4.57
1703,s165,4,4,pc,2.5
1704,s165,4,4,pa,7
1705,s166,4,1,im,4.71
1706,s166,4,1,pc,2.83
1707,s166,4,1,pa,5.25
1708,s166,4,2,im,3.57
1709,s166,4,2,pc,2.5
1710,s166,4,2,pa,2.5
1711,s166,4,3,im,5.71
1712,s166,4,3,pc,2.67
1713,s166,4,3,pa,3.75
1714,s166,4,4,im,5.29
1715,s166,4,4,pc,2.67
1716,s166,4,4,pa,4
1717,s167,3,1,im,4.29
1718,s167,3,1,pc,4
1719,s167,3,1,pa,5
1720,s167,3,2,im,5.29
1721,s167,3,2,pc,4.33
1722,s167,3,2,pa,5.75
1723,s167,3,3,im,4
1724,s167,3,3,pc,5.33
1725,s167,3,3,pa,4.75
1726,s167,3,4,im,4.71
1727,s167,3,4,pc,5.67
1728,s167,3,4,pa,5.5
1729,s168,4,1,im,3.71
1730,s168,4,1,pc,4
1731,s168,4,1,pa,6.5
1732,s168,4,2,im,5.43
1733,s168,4,2,pc,2.5
1734,s168,4,2,pa,7
1735,s168,4,3,im,2.43
1736,s168,4,3,pc,2.17
1737,s168,4,3,pa,6
1738,s168,4,4,im,3
1739,s168,4,4,pc,2.83
1740,s168,4,4,pa,5.75
1741,s169,3,1,im,2.71
1742,s169,3,1,pc,3.67
1743,s169,3,1,pa,4.5
1744,s169,3,2,im,4.71
1745,s169,3,2,pc,4.33
1746,s169,3,2,pa,5.5
1747,s169,3,3,im,5.43
1748,s169,3,3,pc,5.67
1749,s169,3,3,pa,6
1750,s169,3,4,im,4
1751,s169,3,4,pc,5.83
1752,s169,3,4,pa,5
1753,s170,3,1,im,4.14
1754,s170,3,1,pc,4.5
1755,s170,3,1,pa,4.5
1756,s170,3,2,im,4.57
1757,s170,3,2,pc,4.33
1758,s170,3,2,pa,3.75
1759,s170,3,3,im,4
1760,s170,3,3,pc,4.67
1761,s170,3,3,pa,4
1762,s170,3,4,im,4.43
1763,s170,3,4,pc,4.5
1764,s170,3,4,pa,3.5
1765,s171,4,1,im,6.14
1766,s171,4,1,pc,5.33
1767,s171,4,1,pa,3.75
1768,s171,4,2,im,6.29
1769,s171,4,2,pc,4.33
1770,s171,4,2,pa,4.5
1771,s171,4,3,im,5.71
1772,s171,4,3,pc,4
1773,s171,4,3,pa,4.5
1774,s171,4,4,im,6
1775,s171,4,4,pc,3.67
1776,s171,4,4,pa,3.25
1777,s172,3,1,im,4.57
1778,s172,3,1,pc,4.5
1779,s172,3,1,pa,3.25
1780,s172,3,2,im,5.86
1781,s172,3,2,pc,4.83
1782,s172,3,2,pa,5.25
1783,s172,3,3,im,4.86
1784,s172,3,3,pc,3.5
1785,s172,3,3,pa,3.5
1786,s172,3,4,im,4.86
1787,s172,3,4,pc,3.5
1788,s172,3,4,pa,4.25
1789,s173,3,1,im,4.71
1790,s173,3,1,pc,4.33
1791,s173,3,1,pa,7
1792,s173,3,2,im,3.43
1793,s173,3,2,pc,3.33
1794,s173,3,2,pa,7
1795,s173,3,3,im,3
1796,s173,3,3,pc,4
1797,s173,3,3,pa,5.5
1798,s173,3,4,im,3.86
1799,s173,3,4,pc,4.17
1800,s173,3,4,pa,7
1801,s174,4,1,im,3
1802,s174,4,1,pc,2
1803,s174,4,1,pa,4
1804,s174,4,2,im,3.43
1805,s174,4,2,pc,2.5
1806,s174,4,2,pa,3.75
1807,s174,4,3,im,3
1808,s174,4,3,pc,2.5
1809,s174,4,3,pa,3.25
1810,s174,4,4,im,2.86
1811,s174,4,4,pc,2.33
1812,s174,4,4,pa,3
1813,s175,3,1,im,4.86
1814,s175,3,1,pc,3.17
1815,s175,3,1,pa,4.75
1816,s175,3,2,im,5.86
1817,s175,3,2,pc,3
1818,s175,3,2,pa,4
1819,s175,3,3,im,6
1820,s175,3,3,pc,5.17
1821,s175,3,3,pa,4
1822,s175,3,4,im,5.86
1823,s175,3,4,pc,5
1824,s175,3,4,pa,4
