index,sub_id,group_id,phase_id,trial_phase,xi_deg,xi_ms,ee_deg,ee_ms,Good?
1,s201,5,0,1,24.373,213,40,150,1
2,s201,5,0,2,24.283,206,35,170,1
3,s201,5,0,3,27.395,197,50,230,1
4,s201,5,0,4,24.627,237,35,200,1
5,s201,5,0,5,32.423,214,50,300,1
6,s201,5,0,6,27.059,263,40,300,1
7,s201,5,0,7,19.737,163,30,225,1
8,s201,5,0,8,21.187,199,40,250,1
9,s201,5,0,9,25.896,173,45,300,1
10,s201,5,0,10,15.749,186,20,200,1
11,s201,5,0,11,26.74,189,40,250,1
12,s201,5,0,12,25.822,190,45,275,1
13,s201,5,3,1,,,,,0
14,s201,5,3,2,21.408,182,35,250,1
15,s201,5,3,3,32.579,184,45,300,1
16,s201,5,3,4,33.161,158,45,250,1
17,s201,5,3,5,27.698,144,40,250,1
18,s201,5,3,6,36.928,187,45,300,1
19,s201,5,3,7,32.366,160,40,250,1
20,s201,5,3,8,34.545,155,40,225,1
21,s201,5,3,9,32.481,162,45,250,1
22,s201,5,3,10,34.356,164,35,275,1
23,s201,5,3,11,39.811,152,50,300,1
24,s201,5,3,12,46.207,168,55,300,1
25,s201,5,4,1,47.755,212,50,300,1
26,s201,5,4,2,54.241,196,65,350,1
27,s201,5,4,3,56.764,200,70,300,1
28,s201,5,4,4,53.201,188,50,250,1
29,s201,5,4,5,58.173,194,60,250,1
30,s201,5,4,6,60.589,214,60,250,1
31,s201,5,4,7,55.429,190,50,300,1
32,s201,5,4,8,61.187,199,65,250,1
33,s201,5,4,9,61.326,213,75,300,1
34,s201,5,4,10,65.306,223,70,300,1
35,s201,5,4,11,54.479,189,65,250,1
36,s201,5,4,12,61.735,199,65,250,1
37,s202,5,3,1,,,,,0
38,s202,5,3,2,43.005,294,40,250,1
39,s202,5,3,3,53.758,232,40,225,1
40,s202,5,3,4,54.651,225,50,225,1
41,s202,5,3,5,,,,,0
42,s202,5,3,6,42.604,231,40,225,1
43,s202,5,3,7,57.173,260,50,250,1
44,s202,5,3,8,38.885,202,35,225,1
45,s202,5,3,9,46.142,248,40,225,1
46,s202,5,3,10,42.21,209,40,225,1
47,s202,5,3,11,42.939,194,40,225,1
48,s202,5,3,12,52.038,229,45,225,1
49,s202,5,4,1,70.49,305,60,250,1
50,s202,5,4,2,63.209,336,60,225,1
51,s202,5,4,3,58.214,258,60,225,1
52,s202,5,4,4,59.639,243,60,225,1
53,s202,5,4,5,68.238,287,60,250,1
54,s202,5,4,6,58.467,268,60,225,1
55,s202,5,4,7,64.528,306,60,225,1
56,s202,5,4,8,66.387,307,60,225,1
57,s202,5,4,9,65.748,283,60,225,1
58,s202,5,4,10,72.775,303,60,225,1
59,s202,5,4,11,68.992,297,60,225,1
60,s202,5,4,12,74.847,282,60,225,1
61,s203,5,3,1,,,,,0
62,s203,5,3,2,42.055,185,45,250,1
63,s203,5,3,3,40.065,178,30,250,1
64,s203,5,3,4,37.428,174,40,250,1
65,s203,5,3,5,40.835,188,50,300,1
66,s203,5,3,6,42.341,165,40,250,1
67,s203,5,3,7,40.556,213,40,250,1
68,s203,5,3,8,,,,,0
69,s203,5,3,9,45.658,203,40,300,1
70,s203,5,3,10,39.729,169,30,250,1
71,s203,5,3,11,41.998,183,50,300,1
72,s203,5,3,12,41.187,166,50,250,1
73,s203,5,4,1,44.586,189,50,250,1
74,s203,5,4,2,46.502,205,70,300,1
75,s203,5,4,3,41.686,156,50,250,1
76,s203,5,4,4,39.672,220,60,300,1
77,s203,5,4,5,44.872,227,60,250,1
78,s203,5,4,6,44.283,206,70,300,1
79,s203,5,4,7,38.353,190,70,300,1
80,s203,5,4,8,45.675,208,60,250,1
81,s203,5,4,9,43.283,195,60,250,1
82,s203,5,4,10,40.81,182,40,250,1
83,s203,5,4,11,48.156,185,70,250,1
84,s203,5,4,12,44.889,205,60,300,1
85,s204,5,3,1,,,,,0
86,s204,5,3,2,51.465,417,83,260,1
87,s204,5,3,3,34.569,293,40,225,1
88,s204,5,3,4,36.617,352,56,362,1
89,s204,5,3,5,40.163,269,38,231,1
90,s204,5,3,6,43.349,330,42,278,1
91,s204,5,3,7,45.2,296,53,234,1
92,s204,5,3,8,39.246,261,42,204,1
93,s204,5,3,9,34.938,156,42,198,1
94,s204,5,3,10,36.961,157,33,186,1
95,s204,5,3,11,37.468,146,41,183,1
96,s204,5,3,12,39.885,267,41,256,1
97,s204,5,4,1,51.711,312,64,238,1
98,s204,5,4,2,38.148,211,47,237,1
99,s204,5,4,3,53.324,292,83,222,1
100,s204,5,4,4,44.094,232,63,211,1
101,s204,5,4,5,40.974,270,52,219,1
102,s204,5,4,6,50.106,261,74,244,1
103,s204,5,4,7,42.047,255,45,288,1
104,s204,5,4,8,40.941,214,47,213,1
105,s204,5,4,9,49.393,246,84,262,1
106,s204,5,4,10,42.26,245,63,218,1
107,s204,5,4,11,48.656,237,87,211,1
108,s204,5,4,12,44.52,206,64,206,1
109,s205,5,3,1,36.895,324,38,300,1
110,s205,5,3,2,47.419,311,45,270,1
111,s205,5,3,3,45.978,336,42,200,1
112,s205,5,3,4,43.619,272,39,240,1
113,s205,5,3,5,45.011,303,44,260,1
114,s205,5,3,6,45.716,306,43,210,1
115,s205,5,3,7,40.654,249,41,215,1
116,s205,5,3,8,43.226,232,38,225,1
117,s205,5,3,9,41.236,277,46,218,1
118,s205,5,3,10,40.327,293,37,240,1
119,s205,5,3,11,39.033,255,44,230,1
120,s205,5,3,12,47.133,263,45,230,1
121,s205,5,4,1,50.703,312,55,230,1
122,s205,5,4,2,55.601,294,60,225,1
123,s205,5,4,3,44.004,234,55,240,1
124,s205,5,4,4,48.951,285,58,235,1
125,s205,5,4,5,57.64,286,63,230,1
126,s205,5,4,6,50.368,257,54,225,1
127,s205,5,4,7,60.253,273,65,231,1
128,s205,5,4,8,51.899,294,53,235,1
129,s205,5,4,9,48.377,226,57,215,1
130,s205,5,4,10,53.873,239,62,220,1
131,s205,5,4,11,52.685,241,54,218,1
132,s205,5,4,12,,,,,0
133,s206,5,0,1,59.663,323,30,200,1
134,s206,5,0,2,84.97,302,50,200,1
135,s206,5,0,3,60.065,296,45,250,1
136,s206,5,0,4,70.63,214,50,225,1
137,s206,5,0,5,66.821,246,45,250,1
138,s206,5,0,6,65.298,251,40,250,1
139,s206,5,0,7,66.477,266,55,300,1
140,s206,5,0,8,48.214,217,30,200,1
141,s206,5,0,9,54.52,196,40,175,1
142,s206,5,0,10,71.555,214,50,200,1
143,s206,5,0,11,60.679,202,40,200,1
144,s206,5,0,12,52.317,168,30,175,1
145,s206,5,3,1,,,,,0
146,s206,5,3,2,71.006,258,50,250,1
147,s206,5,3,3,83.865,249,50,300,1
148,s206,5,3,4,45.273,192,30,225,1
149,s206,5,3,5,55.339,199,35,225,1
150,s206,5,3,6,71.67,245,40,250,1
151,s206,5,3,7,70.236,229,40,225,1
152,s206,5,3,8,70.834,225,45,250,1
153,s206,5,3,9,73.291,192,50,225,1
154,s206,5,3,10,53.938,161,30,200,1
155,s206,5,3,11,69.549,197,40,200,1
156,s206,5,3,12,73.824,222,40,250,1
157,s206,5,4,1,61.555,213,40,225,1
158,s206,5,4,2,66.371,219,50,200,1
159,s206,5,4,3,91.661,277,55,250,1
160,s206,5,4,4,56.379,209,20,200,1
161,s206,5,4,5,62.047,201,35,225,1
162,s206,5,4,6,75.347,224,35,225,1
163,s206,5,4,7,63.332,204,35,200,1
164,s206,5,4,8,79.376,238,45,250,1
165,s206,5,4,9,76.223,274,45,250,1
166,s206,5,4,10,57.714,205,30,200,1
167,s206,5,4,11,73.783,230,40,250,1
168,s206,5,4,12,76.756,262,45,275,1
169,s207,5,0,1,46.617,228,45,220,1
170,s207,5,0,2,65.871,193,50,250,1
171,s207,5,0,3,43.07,176,35,200,1
172,s207,5,0,4,51.621,193,40,200,1
173,s207,5,0,5,52.251,200,40,200,1
174,s207,5,0,6,44.446,178,35,200,1
175,s207,5,0,7,60.744,204,45,220,1
176,s207,5,0,8,50.671,173,35,200,1
177,s207,5,0,9,53.971,171,40,200,1
178,s207,5,0,10,53.185,178,40,200,1
179,s207,5,0,11,54.594,157,40,200,1
180,s207,5,0,12,57.075,179,45,200,1
181,s207,5,3,1,51.334,228,35,200,1
182,s207,5,3,2,55.609,247,40,220,1
183,s207,5,3,3,63.152,285,50,250,1
184,s207,5,3,4,52.079,245,40,200,1
185,s207,5,3,5,53.054,309,40,220,1
186,s207,5,3,6,52.53,270,40,220,1
187,s207,5,3,7,56.797,255,40,200,1
188,s207,5,3,8,53.766,278,40,200,1
189,s207,5,3,9,51.793,268,40,220,1
190,s207,5,3,10,52.988,277,40,220,1
191,s207,5,3,11,57.124,279,40,220,1
192,s207,5,3,12,60.277,255,45,220,1
193,s207,5,4,1,66.731,302,50,250,1
194,s207,5,4,2,76.903,288,65,220,1
195,s207,5,4,3,74.929,320,55,210,1
196,s207,5,4,4,69.155,251,60,200,1
197,s207,5,4,5,76.87,361,65,220,1
198,s207,5,4,6,83.021,337,70,220,1
199,s207,5,4,7,70.286,283,55,200,1
200,s207,5,4,8,77.239,307,60,220,1
201,s207,5,4,9,73.209,298,60,250,1
202,s207,5,4,10,70.105,301,60,250,1
203,s207,5,4,11,72.636,259,55,220,1
204,s207,5,4,12,75.527,267,60,220,1
205,s208,5,0,1,,,,,0
206,s208,5,0,2,50.54,231,40,250,1
207,s208,5,0,3,50.753,178,55,300,1
208,s208,5,0,4,43.136,176,35,200,1
209,s208,5,0,5,48.664,256,60,250,1
210,s208,5,0,6,46.461,266,40,200,1
211,s208,5,0,7,60.31,364,50,300,1
212,s208,5,0,8,37.264,265,35,250,1
213,s208,5,0,9,48.5,340,45,250,1
214,s208,5,0,10,47.206,339,50,300,1
215,s208,5,0,11,48.287,375,45,300,1
216,s208,5,0,12,57.87,382,60,200,1
217,s208,5,3,1,,,,,0
218,s208,5,3,2,28.206,234,35,250,1
219,s208,5,3,3,26.707,216,35,225,1
220,s208,5,3,4,34.307,246,45,300,1
221,s208,5,3,5,33.439,236,40,300,1
222,s208,5,3,6,36.69,263,45,350,1
223,s208,5,3,7,34.84,270,35,300,1
224,s208,5,3,8,34.84,268,40,350,1
225,s208,5,3,9,34.029,234,45,250,1
226,s208,5,3,10,34.749,217,45,250,1
227,s208,5,3,11,40.499,273,45,300,1
228,s208,5,3,12,33.767,238,35,300,1
229,s208,5,4,1,56.567,320,70,350,1
230,s208,5,4,2,57.362,276,70,300,1
231,s208,5,4,3,51.948,268,50,300,1
232,s208,5,4,4,53.504,272,55,250,1
233,s208,5,4,5,54.25,279,55,300,1
234,s208,5,4,6,52.481,267,60,300,1
235,s208,5,4,7,61.367,308,65,300,1
236,s208,5,4,8,55.626,279,50,300,1
237,s208,5,4,9,68.844,346,70,350,1
238,s208,5,4,10,56.338,267,50,300,1
239,s208,5,4,11,55.691,290,55,300,1
240,s208,5,4,12,59.254,334,65,350,1
241,s209,5,0,1,,,,,0
242,s209,5,0,2,33.734,419,45,300,1
243,s209,5,0,3,25.225,414,45,250,1
244,s209,5,0,4,25.167,354,40,225,1
245,s209,5,0,5,27.19,283,40,225,1
246,s209,5,0,6,2.383,97,40,225,1
247,s209,5,0,7,29.598,252,40,225,1
248,s209,5,0,8,29.663,216,40,225,1
249,s209,5,0,9,25.7,252,35,225,1
250,s209,5,0,10,21.777,177,40,225,1
251,s209,5,0,11,29.876,239,45,225,1
252,s209,5,0,12,29.205,213,40,225,1
253,s209,5,3,1,45.282,319,40,300,1
254,s209,5,3,2,46.617,275,45,300,1
255,s209,5,3,3,36.371,194,35,300,1
256,s209,5,3,4,44.979,257,40,300,1
257,s209,5,3,5,40.908,211,35,250,1
258,s209,5,3,6,46.207,226,40,250,1
259,s209,5,3,7,44.848,227,40,300,1
260,s209,5,3,8,50.867,289,50,300,1
261,s209,5,3,9,45.134,263,40,300,1
262,s209,5,3,10,45.159,213,40,250,1
263,s209,5,3,11,43.709,225,35,300,1
264,s209,5,3,12,43.423,254,40,300,1
265,s209,5,4,1,80.662,345,50,400,1
266,s209,5,4,2,96.223,417,70,500,1
267,s209,5,4,3,78.746,347,60,500,1
268,s209,5,4,4,76.592,296,50,500,1
269,s209,5,4,5,88.033,299,70,400,1
270,s209,5,4,6,84.692,363,75,400,1
271,s209,5,4,7,72.743,294,60,400,1
272,s209,5,4,8,73.93,303,60,350,1
273,s209,5,4,9,75.159,330,60,300,1
274,s209,5,4,10,76.592,304,65,300,1
275,s209,5,4,11,74.512,295,60,400,1
276,s209,5,4,12,72.579,315,60,500,1
277,s210,5,0,1,,,,,0
278,s210,5,0,2,59.049,394,45,200,1
279,s210,5,0,3,63.57,437,50,200,1
280,s210,5,0,4,57.411,425,45,200,1
281,s210,5,0,5,62.063,416,50,200,1
282,s210,5,0,6,61.891,371,45,200,1
283,s210,5,0,7,53.816,340,43,200,1
284,s210,5,0,8,53.48,318,35,200,1
285,s210,5,0,9,58.82,360,45,200,1
286,s210,5,0,10,50.253,329,45,200,1
287,s210,5,0,11,52.333,375,40,225,1
288,s210,5,0,12,50.269,342,37,200,1
289,s210,5,3,1,,,,,0
290,s210,5,3,2,40.384,273,50,230,1
291,s210,5,3,3,36.69,262,35,220,1
292,s210,5,3,4,45.003,252,45,230,1
293,s210,5,3,5,46.658,286,45,220,1
294,s210,5,3,6,47.452,296,45,220,1
295,s210,5,3,7,44.258,257,40,210,1
296,s210,5,3,8,38.23,210,45,210,1
297,s210,5,3,9,42.513,219,50,220,1
298,s210,5,3,10,41.31,204,45,230,1
299,s210,5,3,11,42.571,217,35,200,1
300,s210,5,3,12,41.858,198,45,230,1
301,s210,5,4,1,56.305,276,65,300,1
302,s210,5,4,2,60.179,272,55,250,1
303,s210,5,4,3,65.879,269,60,230,1
304,s210,5,4,4,65.765,241,65,220,1
305,s210,5,4,5,67.485,257,65,220,1
306,s210,5,4,6,67.984,274,70,220,1
307,s210,5,4,7,72.759,266,65,230,1
308,s210,5,4,8,57.223,262,50,220,1
309,s210,5,4,9,56.363,225,60,210,1
310,s210,5,4,10,62.251,229,55,210,1
311,s210,5,4,11,60.302,242,65,220,1
312,s210,5,4,12,62.358,261,60,230,1
313,s211,5,3,1,,,,,0
314,s211,5,3,2,36.15,273,50,350,1
315,s211,5,3,3,17.411,182,30,200,1
316,s211,5,3,4,27.804,208,40,300,1
317,s211,5,3,5,31.637,240,45,350,1
318,s211,5,3,6,35.724,224,50,400,1
319,s211,5,3,7,32.227,237,30,300,1
320,s211,5,3,8,25.7,199,30,200,1
321,s211,5,3,9,31.572,218,45,350,1
322,s211,5,3,10,34.233,235,50,400,1
323,s211,5,3,11,25.88,198,30,300,1
324,s211,5,3,12,24.004,186,30,200,1
325,s211,5,4,1,51.481,313,70,300,1
326,s211,5,4,2,57.395,329,80,350,1
327,s211,5,4,3,38.918,266,50,250,1
328,s211,5,4,4,50.335,290,70,400,1
329,s211,5,4,5,44.889,274,70,300,1
330,s211,5,4,6,37.739,249,50,200,1
331,s211,5,4,7,45.708,292,70,300,1
332,s211,5,4,8,46.993,317,70,350,1
333,s211,5,4,9,57.042,316,80,350,1
334,s211,5,4,10,52.472,271,75,300,1
335,s211,5,4,11,52.186,275,70,300,1
336,s211,5,4,12,57.902,307,70,250,1
337,s212,5,3,1,43.218,299,35,200,1
338,s212,5,3,2,54.807,271,45,220,1
339,s212,5,3,3,63.644,336,50,300,1
340,s212,5,3,4,54.569,272,40,250,1
341,s212,5,3,5,57.698,281,35,250,1
342,s212,5,3,6,53.095,226,33,200,1
343,s212,5,3,7,52.89,257,45,250,1
344,s212,5,3,8,74.34,282,50,250,1
345,s212,5,3,9,53.521,268,43,250,1
346,s212,5,3,10,72.677,314,45,275,1
347,s212,5,3,11,54.012,233,35,250,1
348,s212,5,3,12,60.671,235,40,250,1
349,s212,5,4,1,82.325,329,55,250,1
350,s212,5,4,2,84.151,302,62,250,1
351,s212,5,4,3,91.539,306,61,200,1
352,s212,5,4,4,95.666,334,65,250,1
353,s212,5,4,5,98.312,338,65,250,1
354,s212,5,4,6,110.998,361,65,250,1
355,s212,5,4,7,104.463,376,56,250,1
356,s212,5,4,8,85.462,322,50,225,1
357,s212,5,4,9,103.193,365,64,250,1
358,s212,5,4,10,100.515,316,56,250,1
359,s212,5,4,11,91.35,298,56,250,1
360,s212,5,4,12,99.958,326,60,250,1
361,s213,5,3,1,54.356,502,30,300,1
362,s213,5,3,2,74.127,304,50,400,1
363,s213,5,3,3,58.14,450,40,250,1
364,s213,5,3,4,50.187,407,30,300,1
365,s213,5,3,5,59.352,442,45,300,1
366,s213,5,3,6,60.065,431,50,225,1
367,s213,5,3,7,58.148,417,30,300,1
368,s213,5,3,8,57.82,418,40,225,1
369,s213,5,3,9,64.585,452,45,300,1
370,s213,5,3,10,60.703,499,55,230,1
371,s213,5,3,11,68.918,401,35,250,1
372,s213,5,3,12,52.047,361,30,225,1
373,s213,5,4,1,93.193,756,60,300,1
374,s213,5,4,2,86.731,429,50,350,1
375,s213,5,4,3,101.375,476,50,300,1
376,s213,5,4,4,111.088,502,55,330,1
377,s213,5,4,5,105.585,564,50,230,1
378,s213,5,4,6,120.409,522,60,230,1
379,s213,5,4,7,123.136,577,65,230,1
380,s213,5,4,8,112.972,614,60,300,1
381,s213,5,4,9,123.947,523,65,250,1
382,s213,5,4,10,128.599,613,60,230,1
383,s213,5,4,11,116.166,548,55,300,1
384,s213,5,4,12,120.015,761,65,250,1
385,s214,5,3,1,,,,,0
386,s214,5,3,2,43.177,178,45,300,1
387,s214,5,3,3,52.186,218,55,400,1
388,s214,5,3,4,53.709,204,45,300,1
389,s214,5,3,5,53.038,194,50,300,1
390,s214,5,3,6,45.298,161,45,300,1
391,s214,5,3,7,55.503,183,55,400,1
392,s214,5,3,8,59.639,188,55,500,1
393,s214,5,3,9,50.163,194,45,300,1
394,s214,5,3,10,59.049,216,50,300,1
395,s214,5,3,11,53.079,192,50,400,1
396,s214,5,3,12,51.309,191,45,300,1
397,s214,5,4,1,69.237,281,65,400,1
398,s214,5,4,2,72.53,226,70,400,1
399,s214,5,4,3,61.162,186,60,300,1
400,s214,5,4,4,65.028,215,65,300,1
401,s214,5,4,5,61.539,229,70,300,1
402,s214,5,4,6,48.033,175,30,300,1
403,s214,5,4,7,60.097,217,60,300,1
404,s214,5,4,8,65.249,202,70,400,1
405,s214,5,4,9,70.605,215,70,300,1
406,s214,5,4,10,57.681,189,60,300,1
407,s214,5,4,11,53.963,201,55,300,1
408,s214,5,4,12,57.165,202,60,300,1
409,s215,5,0,1,59.196,736,50,300,1
410,s215,5,0,2,55.388,725,45,250,1
411,s215,5,0,3,49.549,502,45,200,1
412,s215,5,0,4,68.803,608,50,250,1
413,s215,5,0,5,37.837,558,45,250,1
414,s215,5,0,6,40.261,596,40,200,1
415,s215,5,0,7,42.948,560,45,200,1
416,s215,5,0,8,50.368,588,50,200,1
417,s215,5,0,9,49.45,638,45,250,1
418,s215,5,0,10,55.306,726,45,250,1
419,s215,5,0,11,46.035,708,40,200,1
420,s215,5,0,12,51.883,589,45,200,1
421,s215,5,3,1,,,,,0
422,s215,5,3,2,34.676,219,50,300,1
423,s215,5,3,3,36.658,215,45,300,1
424,s215,5,3,4,34.045,200,45,275,1
425,s215,5,3,5,19.631,152,40,250,1
426,s215,5,3,6,29.205,168,45,275,1
427,s215,5,3,7,31.858,162,45,275,1
428,s215,5,3,8,26.912,147,40,250,1
429,s215,5,3,9,26.936,166,40,250,1
430,s215,5,3,10,30.474,174,45,280,1
431,s215,5,3,11,24.078,154,35,200,1
432,s215,5,3,12,32.276,171,45,250,1
433,s215,5,4,1,50.335,240,70,300,1
434,s215,5,4,2,43.382,184,70,275,1
435,s215,5,4,3,38.279,174,50,270,1
436,s215,5,4,4,42.153,191,50,260,1
437,s215,5,4,5,46.633,188,55,250,1
438,s215,5,4,6,55.658,227,70,300,1
439,s215,5,4,7,45.912,212,70,275,1
440,s215,5,4,8,42.849,203,50,250,1
441,s215,5,4,9,44.209,221,70,260,1
442,s215,5,4,10,43.799,178,55,250,1
443,s215,5,4,11,35.511,161,50,240,1
444,s215,5,4,12,43.873,172,70,250,1
445,s216,5,3,1,,,,,0
446,s216,5,3,2,33.48,169,35,200,1
447,s216,5,3,3,34.487,161,40,250,1
448,s216,5,3,4,34.889,166,35,250,1
449,s216,5,3,5,36.961,163,50,200,1
450,s216,5,3,6,33.496,145,40,200,1
451,s216,5,3,7,39.819,176,60,250,1
452,s216,5,3,8,33.652,160,35,250,1
453,s216,5,3,9,33.865,161,45,200,1
454,s216,5,3,10,40.048,143,65,250,1
455,s216,5,3,11,26.404,131,30,150,1
456,s216,5,3,12,31.965,178,40,250,1
457,s216,5,4,1,42.71,196,70,250,1
458,s216,5,4,2,36.256,177,55,150,1
459,s216,5,4,3,39.147,184,65,150,1
460,s216,5,4,4,29.991,162,40,150,1
461,s216,5,4,5,35.487,172,60,150,1
462,s216,5,4,6,40.253,177,70,200,1
463,s216,5,4,7,34.405,188,60,200,1
464,s216,5,4,8,36.158,182,45,225,1
465,s216,5,4,9,37.452,193,65,200,1
466,s216,5,4,10,35.781,176,55,200,1
467,s216,5,4,11,43.3,190,65,150,1
468,s216,5,4,12,41.809,187,65,225,1
469,s217,5,3,1,,,,,0
470,s217,5,3,2,45.077,208,35,250,1
471,s217,5,3,3,43.201,157,40,250,1
472,s217,5,3,4,,,,,0
473,s217,5,3,5,57.452,213,45,225,1
474,s217,5,3,6,57.55,207,45,225,1
475,s217,5,3,7,52.661,202,30,150,1
476,s217,5,3,8,58.205,229,42,300,1
477,s217,5,3,9,51.883,200,40,300,1
478,s217,5,3,10,48.738,249,40,300,1
479,s217,5,3,11,56.674,219,45,300,1
480,s217,5,3,12,60.49,225,50,200,1
481,s217,5,4,1,78.451,258,60,300,1
482,s217,5,4,2,,,,,0
483,s217,5,4,3,70.097,275,55,300,1
484,s217,5,4,4,81.449,280,65,250,1
485,s217,5,4,5,67.378,277,55,250,1
486,s217,5,4,6,77.706,286,65,300,1
487,s217,5,4,7,71.588,248,60,250,1
488,s217,5,4,8,70.384,233,60,275,1
489,s217,5,4,9,70.196,251,55,300,1
490,s217,5,4,10,67.116,283,55,300,1
491,s217,5,4,11,77.157,260,60,250,1
492,s217,5,4,12,64.119,228,50,150,1
493,s218,5,3,1,,,,,0
494,s218,5,3,2,55.462,306,40,150,1
495,s218,5,3,3,60.785,350,35,200,1
496,s218,5,3,4,60.409,408,45,250,1
497,s218,5,3,5,72.923,383,40,300,1
498,s218,5,3,6,65.421,372,35,150,1
499,s218,5,3,7,61.858,318,45,200,1
500,s218,5,3,8,64.839,355,40,200,1
501,s218,5,3,9,69,372,50,100,1
502,s218,5,3,10,70.359,367,45,200,1
503,s218,5,3,11,74.962,392,50,200,1
504,s218,5,3,12,72.98,394,55,200,1
505,s218,5,4,1,83.275,347,60,250,1
506,s218,5,4,2,80.777,356,50,200,1
507,s218,5,4,3,89.475,374,70,200,1
508,s218,5,4,4,92.636,388,70,200,1
509,s218,5,4,5,78.926,409,60,300,1
510,s218,5,4,6,79.671,386,60,250,1
511,s218,5,4,7,81.219,375,55,250,1
512,s218,5,4,8,87.247,372,65,200,1
513,s218,5,4,9,87.214,406,60,200,1
514,s218,5,4,10,83.922,368,60,250,1
515,s218,5,4,11,,,,,0
516,s218,5,4,12,86.952,388,65,175,1
517,s219,5,0,1,48.271,539,45,350,1
518,s219,5,0,2,44.291,419,40,250,1
519,s219,5,0,3,44.463,356,40,250,1
520,s219,5,0,4,45.167,256,35,200,1
521,s219,5,0,5,47.599,328,40,200,1
522,s219,5,0,6,51.956,316,50,200,1
523,s219,5,0,7,50.368,314,50,200,1
524,s219,5,0,8,35.888,241,37,200,1
525,s219,5,0,9,,,,,0
526,s219,5,0,10,44.782,304,40,200,1
527,s219,5,0,11,41.957,339,40,200,1
528,s219,5,0,12,43.292,271,40,200,1
529,s219,5,3,1,44.242,537,45,250,1
530,s219,5,3,2,45.822,484,43,220,1
531,s219,5,3,3,44.594,458,45,220,1
532,s219,5,3,4,49.106,457,40,220,1
533,s219,5,3,5,51.006,543,45,225,1
534,s219,5,3,6,46.748,480,40,220,1
535,s219,5,3,7,43.316,543,35,220,1
536,s219,5,3,8,50.089,564,40,225,1
537,s219,5,3,9,41.817,490,35,220,1
538,s219,5,3,10,52.251,463,40,225,1
539,s219,5,3,11,52.178,442,40,225,1
540,s219,5,3,12,48.32,467,39,220,1
541,s219,5,4,1,73.234,585,60,300,1
542,s219,5,4,2,65.986,433,60,225,1
543,s219,5,4,3,65.314,514,50,220,1
544,s219,5,4,4,73.521,577,60,225,1
545,s219,5,4,5,66.641,495,65,225,1
546,s219,5,4,6,65.241,382,60,200,1
547,s219,5,4,7,66.354,515,55,220,1
548,s219,5,4,8,66.944,532,55,220,1
549,s219,5,4,9,66.764,493,60,220,1
550,s219,5,4,10,64.995,469,65,225,1
551,s219,5,4,11,73.25,532,65,225,1
552,s219,5,4,12,64.217,461,50,225,1
553,s220,5,0,1,30.073,336,60,300,1
554,s220,5,0,2,23.718,349,45,250,1
555,s220,5,0,3,25.97,303,50,250,1
556,s220,5,0,4,19.762,174,45,200,1
557,s220,5,0,5,24.553,245,45,275,1
558,s220,5,0,6,20.966,230,40,250,1
559,s220,5,0,7,30.45,269,60,300,1
560,s220,5,0,8,27.976,283,50,250,1
561,s220,5,0,9,27.952,237,50,250,1
562,s220,5,0,10,25.618,267,45,250,1
563,s220,5,0,11,26.486,269,30,200,1
564,s220,5,0,12,26.985,220,50,275,1
565,s220,5,3,1,48.951,335,50,200,1
566,s220,5,3,2,44.905,399,50,275,1
567,s220,5,3,3,39.27,316,45,200,1
568,s220,5,3,4,46.789,341,45,200,1
569,s220,5,3,5,51.817,452,55,300,1
570,s220,5,3,6,40.966,315,45,200,1
571,s220,5,3,7,41.072,371,45,200,1
572,s220,5,3,8,37.845,470,47,250,1
573,s220,5,3,9,33.971,387,30,200,1
574,s220,5,3,10,44.119,411,50,250,1
575,s220,5,3,11,40.613,459,35,200,1
576,s220,5,3,12,39.753,368,35,200,1
577,s220,5,4,1,48.852,445,50,300,1
578,s220,5,4,2,48.844,446,50,250,1
579,s220,5,4,3,58.156,438,70,250,1
580,s220,5,4,4,50.163,352,70,250,1
581,s220,5,4,5,57.632,435,70,250,1
582,s220,5,4,6,50.728,373,65,200,1
583,s220,5,4,7,48.951,403,65,250,1
584,s220,5,4,8,50.998,370,70,300,1
585,s220,5,4,9,46.404,338,65,200,1
586,s220,5,4,10,50.261,363,70,300,1
587,s220,5,4,11,51.367,360,70,200,1
588,s220,5,4,12,47.452,360,50,200,1
589,s221,5,0,1,,,,,0
590,s221,5,0,2,25.806,216,42,250,1
591,s221,5,0,3,27.665,195,45,225,1
592,s221,5,0,4,27.419,146,47,200,1
593,s221,5,0,5,21.367,154,40,200,1
594,s221,5,0,6,26.396,167,40,150,1
595,s221,5,0,7,33.193,179,48,120,1
596,s221,5,0,8,28.214,200,43,150,1
597,s221,5,0,9,37.157,209,50,250,1
598,s221,5,0,10,27.125,195,42,200,1
599,s221,5,0,11,38.566,150,45,100,1
600,s221,5,0,12,31.826,171,40,100,1
601,s221,5,3,1,39.778,198,45,150,1
602,s221,5,3,2,44.635,193,50,225,1
603,s221,5,3,3,38.5,210,37,200,1
604,s221,5,3,4,50.9,211,50,100,1
605,s221,5,3,5,45.683,213,50,170,1
606,s221,5,3,6,43.423,258,35,200,1
607,s221,5,3,7,,,,,0
608,s221,5,3,8,56.404,279,45,200,1
609,s221,5,3,9,59.581,224,50,150,1
610,s221,5,3,10,41.522,163,35,100,1
611,s221,5,3,11,45.83,235,40,200,1
612,s221,5,3,12,50.081,209,40,225,1
613,s221,5,4,1,67.681,228,60,200,1
614,s221,5,4,2,76.002,280,70,200,1
615,s221,5,4,3,71.023,213,70,225,1
616,s221,5,4,4,66.453,244,60,200,1
617,s221,5,4,5,59.164,218,55,220,1
618,s221,5,4,6,70.368,245,70,200,1
619,s221,5,4,7,60.736,240,55,150,1
620,s221,5,4,8,66.346,270,50,120,1
621,s221,5,4,9,70.277,259,50,130,1
622,s221,5,4,10,,,,,0
623,s221,5,4,11,83.824,289,57,120,1
624,s221,5,4,12,,,,,0
625,s222,5,3,1,,,,,0
626,s222,5,3,2,48.345,210,40,225,1
627,s222,5,3,3,51.981,223,40,225,1
628,s222,5,3,4,53.84,227,40,225,1
629,s222,5,3,5,51.514,206,40,225,1
630,s222,5,3,6,56.248,217,40,225,1
631,s222,5,3,7,49.442,225,40,225,1
632,s222,5,3,8,51.932,239,40,250,1
633,s222,5,3,9,52.636,233,40,225,1
634,s222,5,3,10,53.84,253,40,225,1
635,s222,5,3,11,60.31,292,40,225,1
636,s222,5,3,12,52.202,226,40,225,1
637,s222,5,4,1,70.539,259,60,225,1
638,s222,5,4,2,70.744,267,60,225,1
639,s222,5,4,3,74.11,276,60,225,1
640,s222,5,4,4,68.353,231,50,225,1
641,s222,5,4,5,76.608,321,60,270,1
642,s222,5,4,6,83.529,294,65,225,1
643,s222,5,4,7,78.484,263,60,225,1
644,s222,5,4,8,83.963,363,60,300,1
645,s222,5,4,9,71.039,294,50,225,1
646,s222,5,4,10,83.955,308,60,225,1
647,s222,5,4,11,75.372,268,55,225,1
648,s222,5,4,12,73.75,298,55,225,1
649,s223,5,0,1,,,,,0
650,s223,5,0,2,31.375,230,50,300,1
651,s223,5,0,3,27.6,198,40,275,1
652,s223,5,0,4,36.338,192,50,275,1
653,s223,5,0,5,19.729,194,35,300,1
654,s223,5,0,6,29.623,188,45,200,1
655,s223,5,0,7,31.531,192,40,250,1
656,s223,5,0,8,27.477,194,40,225,1
657,s223,5,0,9,34.438,176,50,225,1
658,s223,5,0,10,34.995,176,40,225,1
659,s223,5,0,11,42.12,182,45,250,1
660,s223,5,0,12,38.124,190,40,210,1
661,s223,5,3,1,,,,,0
662,s223,5,3,2,25.937,258,40,300,1
663,s223,5,3,3,31.457,216,45,275,1
664,s223,5,3,4,31.457,184,45,275,1
665,s223,5,3,5,25.822,225,40,300,1
666,s223,5,3,6,31.94,220,40,250,1
667,s223,5,3,7,36.51,237,45,275,1
668,s223,5,3,8,32.915,259,40,275,1
669,s223,5,3,9,42.948,314,45,275,1
670,s223,5,3,10,46.895,290,45,250,1
671,s223,5,3,11,58.451,335,50,225,1
672,s223,5,3,12,52.038,303,45,250,1
673,s223,5,4,1,76.797,385,80,250,1
674,s223,5,4,2,52.53,281,50,250,1
675,s223,5,4,3,54.356,311,55,250,1
676,s223,5,4,4,64.561,304,65,275,1
677,s223,5,4,5,62.235,310,50,300,1
678,s223,5,4,6,63.783,321,60,275,1
679,s223,5,4,7,67.534,357,65,275,1
680,s223,5,4,8,66.395,349,65,250,1
681,s223,5,4,9,59.54,352,50,225,1
682,s223,5,4,10,66.739,336,65,250,1
683,s223,5,4,11,68.107,343,60,250,1
684,s223,5,4,12,70.613,339,65,225,1
685,s224,5,3,1,69.09,367,35,300,1
686,s224,5,3,2,72.431,250,37,200,1
687,s224,5,3,3,63.316,269,25,150,1
688,s224,5,3,4,66.281,290,30,210,1
689,s224,5,3,5,75.961,329,40,180,1
690,s224,5,3,6,84.937,366,45,200,1
691,s224,5,3,7,76.182,308,35,210,1
692,s224,5,3,8,77.304,278,40,100,1
693,s224,5,3,9,92.857,369,50,160,1
694,s224,5,3,10,87.141,391,50,200,1
695,s224,5,3,11,68.312,458,30,180,1
696,s224,5,3,12,87.116,348,48,160,1
697,s224,5,4,1,111.809,644,55,240,1
698,s224,5,4,2,118.083,619,60,300,1
699,s224,5,4,3,104.11,511,58,280,1
700,s224,5,4,4,109.426,596,60,200,1
701,s224,5,4,5,106.297,557,65,180,1
702,s224,5,4,6,115.06,701,62,250,1
703,s224,5,4,7,107.476,599,55,300,1
704,s224,5,4,8,95.224,493,40,150,1
705,s224,5,4,9,115.282,771,63,270,1
706,s224,5,4,10,111.727,612,60,120,1
707,s224,5,4,11,82.644,389,30,100,1
708,s224,5,4,12,84.192,323,30,120,1
709,s225,5,3,1,49.688,433,30,300,1
710,s225,5,3,2,36.043,296,20,300,1
711,s225,5,3,3,45.544,269,45,300,1
712,s225,5,3,4,50.368,236,45,350,1
713,s225,5,3,5,58.738,316,55,300,1
714,s225,5,3,6,61.26,351,50,300,1
715,s225,5,3,7,53.979,300,50,300,1
716,s225,5,3,8,52.743,286,50,200,1
717,s225,5,3,9,57.427,298,45,200,1
718,s225,5,3,10,48.64,254,30,200,1
719,s225,5,3,11,52.554,235,35,300,1
720,s225,5,3,12,62.513,268,45,300,1
721,s225,5,4,1,76.788,565,80,400,1
722,s225,5,4,2,57.861,334,50,300,1
723,s225,5,4,3,62.743,321,50,300,1
724,s225,5,4,4,58.197,303,50,400,1
725,s225,5,4,5,68.435,258,70,300,1
726,s225,5,4,6,58.271,231,50,300,1
727,s225,5,4,7,61.195,258,70,250,1
728,s225,5,4,8,62.235,242,50,250,1
729,s225,5,4,9,65.683,255,55,400,1
730,s225,5,4,10,55.036,234,45,250,1
731,s225,5,4,11,68.877,264,70,250,1
732,s225,5,4,12,63.848,268,70,250,1
733,s226,5,0,1,,,,,0
734,s226,5,0,2,23.505,185,30,250,1
735,s226,5,0,3,28.64,189,50,300,1
736,s226,5,0,4,28.664,215,40,250,1
737,s226,5,0,5,31.989,176,60,250,1
738,s226,5,0,6,37.28,273,60,300,1
739,s226,5,0,7,32.661,231,50,220,1
740,s226,5,0,8,34.16,253,60,200,1
741,s226,5,0,9,29.623,257,40,250,1
742,s226,5,0,10,32.03,259,30,250,1
743,s226,5,0,11,31.58,290,45,200,1
744,s226,5,0,12,32.571,321,35,220,1
745,s226,5,3,1,40.622,188,50,225,1
746,s226,5,3,2,40.63,214,60,300,1
747,s226,5,3,3,42.202,185,40,300,1
748,s226,5,3,4,38.115,195,60,250,1
749,s226,5,3,5,42.292,198,40,200,1
750,s226,5,3,6,35.183,173,30,200,1
751,s226,5,3,7,41.94,200,60,270,1
752,s226,5,3,8,40.097,180,40,300,1
753,s226,5,3,9,41.203,186,40,250,1
754,s226,5,3,10,45.265,177,70,225,1
755,s226,5,3,11,31.023,191,20,200,1
756,s226,5,3,12,43.562,191,30,200,1
757,s226,5,4,1,37.952,158,50,200,1
758,s226,5,4,2,49.762,212,60,200,1
759,s226,5,4,3,57.902,229,70,225,1
760,s226,5,4,4,49.36,218,60,225,1
761,s226,5,4,5,51.67,228,80,225,1
762,s226,5,4,6,64.651,251,90,300,1
763,s226,5,4,7,54.094,223,70,300,1
764,s226,5,4,8,58.328,257,70,300,1
765,s226,5,4,9,60.343,247,90,300,1
766,s226,5,4,10,62.571,251,60,250,1
767,s226,5,4,11,66.256,252,90,300,1
768,s226,5,4,12,57.575,234,60,225,1
769,s227,5,0,1,,,,,0
770,s227,5,0,2,55.486,491,30,300,1
771,s227,5,0,3,58.164,452,45,200,1
772,s227,5,0,4,58.541,473,60,300,1
773,s227,5,0,5,62.087,423,45,200,1
774,s227,5,0,6,61.391,462,45,200,1
775,s227,5,0,7,69.123,480,60,200,1
776,s227,5,0,8,57.116,412,37,200,1
777,s227,5,0,9,62.628,390,45,250,1
778,s227,5,0,10,66.469,451,60,250,1
779,s227,5,0,11,68.942,410,60,300,1
780,s227,5,0,12,55.699,423,45,200,1
781,s227,5,3,1,41.826,351,45,400,1
782,s227,5,3,2,38.066,273,30,300,1
783,s227,5,3,3,43.84,323,45,300,1
784,s227,5,3,4,34.741,327,50,350,1
785,s227,5,3,5,34.152,293,45,200,1
786,s227,5,3,6,35.749,291,35,300,1
787,s227,5,3,7,36.166,263,50,200,1
788,s227,5,3,8,33.144,293,35,300,1
789,s227,5,3,9,35.2,309,30,300,1
790,s227,5,3,10,28.255,256,45,350,1
791,s227,5,3,11,37.075,284,45,300,1
792,s227,5,3,12,33.046,260,50,200,1
793,s227,5,4,1,59.549,446,75,300,1
794,s227,5,4,2,61.309,369,70,350,1
795,s227,5,4,3,61.481,388,80,300,1
796,s227,5,4,4,61.49,381,65,350,1
797,s227,5,4,5,53.25,367,55,300,1
798,s227,5,4,6,46.633,363,50,300,1
799,s227,5,4,7,52.038,394,55,200,1
800,s227,5,4,8,60.237,397,65,200,1
801,s227,5,4,9,51.875,386,50,300,1
802,s227,5,4,10,49.655,381,65,200,1
803,s227,5,4,11,50.351,362,50,300,1
804,s227,5,4,12,46.191,326,55,200,1
805,s228,5,3,1,40.065,179,55,425,1
806,s228,5,3,2,36.805,155,45,300,1
807,s228,5,3,3,24.815,129,30,225,1
808,s228,5,3,4,40.785,163,55,300,1
809,s228,5,3,5,35.585,163,45,300,1
810,s228,5,3,6,37.968,150,45,275,1
811,s228,5,3,7,42.694,175,60,350,1
812,s228,5,3,8,36.42,155,45,225,1
813,s228,5,3,9,43.816,154,60,300,1
814,s228,5,3,10,43.529,170,50,280,1
815,s228,5,3,11,36.879,165,45,225,1
816,s228,5,3,12,41.31,189,55,300,1
817,s228,5,4,1,46.903,173,60,325,1
818,s228,5,4,2,62.431,214,80,400,1
819,s228,5,4,3,56.797,221,70,300,1
820,s228,5,4,4,52.497,175,60,275,1
821,s228,5,4,5,50.982,190,60,225,1
822,s228,5,4,6,48.967,201,50,200,1
823,s228,5,4,7,51.047,212,60,275,1
824,s228,5,4,8,52.481,220,70,225,1
825,s228,5,4,9,53.177,189,75,275,1
826,s228,5,4,10,42.497,183,50,225,1
827,s228,5,4,11,51.228,220,60,250,1
828,s228,5,4,12,43.464,194,55,220,1
829,s229,5,0,1,65.134,250,50,275,1
830,s229,5,0,2,57.46,322,45,200,1
831,s229,5,0,3,59.704,246,45,250,1
832,s229,5,0,4,67.403,249,50,250,1
833,s229,5,0,5,74.634,265,50,275,1
834,s229,5,0,6,77.19,276,50,250,1
835,s229,5,0,7,67.55,219,35,200,1
836,s229,5,0,8,73.693,269,40,250,1
837,s229,5,0,9,81.44,290,45,275,1
838,s229,5,0,10,69.155,226,35,275,1
839,s229,5,0,11,77.165,243,40,250,1
840,s229,5,0,12,95.535,297,60,250,1
841,s229,5,3,1,,,,,0
842,s229,5,3,2,73.119,223,30,275,1
843,s229,5,3,3,75.609,224,30,300,1
844,s229,5,3,4,101.719,258,60,225,1
845,s229,5,3,5,61.195,167,20,250,1
846,s229,5,3,6,83.414,245,40,250,1
847,s229,5,3,7,78.173,223,30,250,1
848,s229,5,3,8,98.328,275,70,275,1
849,s229,5,3,9,75.838,271,25,275,1
850,s229,5,3,10,93.39,265,50,300,1
851,s229,5,3,11,87.886,252,45,275,1
852,s229,5,3,12,88.82,291,45,250,1
853,s229,5,4,1,90.941,269,50,275,1
854,s229,5,4,2,97.64,266,70,275,1
855,s229,5,4,3,96.543,257,60,250,1
856,s229,5,4,4,93.128,263,50,225,1
857,s229,5,4,5,87.501,265,40,275,1
858,s229,5,4,6,90.327,260,60,225,1
859,s229,5,4,7,99.827,280,75,275,1
860,s229,5,4,8,91.629,264,30,275,1
861,s229,5,4,9,101.047,307,65,275,1
862,s229,5,4,10,98.787,273,70,250,1
863,s229,5,4,11,99.761,268,65,275,1
864,s229,5,4,12,101.85,275,60,275,1
865,s230,5,3,1,83.914,477,35,300,1
866,s230,5,3,2,102.513,576,42,250,1
867,s230,5,3,3,96.993,650,42,260,1
868,s230,5,3,4,92.775,556,38,270,1
869,s230,5,3,5,98.861,620,40,240,1
870,s230,5,3,6,94.806,606,38,210,1
871,s230,5,3,7,97.845,644,39,220,1
872,s230,5,3,8,101.015,536,42,230,1
873,s230,5,3,9,94.438,578,44,230,1
874,s230,5,3,10,96.141,491,41,220,1
875,s230,5,3,11,99.639,490,43,230,1
876,s230,5,3,12,83.34,464,37,225,1
877,s230,5,4,1,98.942,532,60,240,1
878,s230,5,4,2,107.894,619,65,235,1
879,s230,5,4,3,109.483,591,70,210,1
880,s230,5,4,4,86.289,654,56,210,1
881,s230,5,4,5,84.446,475,61,215,1
882,s230,5,4,6,90.245,536,58,220,1
883,s230,5,4,7,,,,,0
884,s230,5,4,8,93.431,619,63,230,1
885,s230,5,4,9,87.648,560,59,215,1
886,s230,5,4,10,82.079,653,55,230,1
887,s230,5,4,11,86.788,572,63,225,1
888,s230,5,4,12,88.123,625,62,220,1
889,s231,5,0,1,43.357,189,50,300,1
890,s231,5,0,2,58.828,144,60,275,1
891,s231,5,0,3,37.247,128,40,300,1
892,s231,5,0,4,29.09,114,35,225,1
893,s231,5,0,5,35.372,171,40,225,1
894,s231,5,0,6,53.472,168,50,250,1
895,s231,5,0,7,37.534,146,38,210,1
896,s231,5,0,8,47.01,139,40,215,1
897,s231,5,0,9,43.431,157,45,215,1
898,s231,5,0,10,36.33,221,35,210,1
899,s231,5,0,11,41.613,151,40,230,1
900,s231,5,0,12,41.039,240,45,230,1
901,s231,5,3,1,,,,,0
902,s231,5,3,2,45.65,251,45,250,1
903,s231,5,3,3,40.122,242,42,240,1
904,s231,5,3,4,36.666,228,45,260,1
905,s231,5,3,5,26.977,201,30,220,1
906,s231,5,3,6,35.667,246,45,230,1
907,s231,5,3,7,35.429,262,40,230,1
908,s231,5,3,8,36.379,242,40,230,1
909,s231,5,3,9,49.483,245,50,240,1
910,s231,5,3,10,34.913,302,35,240,1
911,s231,5,3,11,39.631,226,45,230,1
912,s231,5,3,12,,,,,0
913,s231,5,4,1,69.417,477,80,250,1
914,s231,5,4,2,46.92,338,45,230,1
915,s231,5,4,3,48.664,375,60,240,1
916,s231,5,4,4,59.598,330,85,240,1
917,s231,5,4,5,46.78,463,60,280,1
918,s231,5,4,6,51.318,416,75,250,1
919,s231,5,4,7,42.866,380,50,240,1
920,s231,5,4,8,45.658,360,60,240,1
921,s231,5,4,9,50.384,281,60,230,1
922,s231,5,4,10,47.894,295,60,230,1
923,s231,5,4,11,42.227,305,50,230,1
924,s231,5,4,12,46.15,302,50,240,1
925,s232,5,0,1,29.139,416,15,500,1
926,s232,5,0,2,27.149,365,23,250,1
927,s232,5,0,3,31.449,350,26,450,1
928,s232,5,0,4,33.464,367,25,400,1
929,s232,5,0,5,43.185,368,35,450,1
930,s232,5,0,6,42.17,364,35,300,1
931,s232,5,0,7,38.181,395,30,400,1
932,s232,5,0,8,34.84,320,29,300,1
933,s232,5,0,9,41.342,323,40,350,1
934,s232,5,0,10,42.202,337,45,400,1
935,s232,5,0,11,42.317,335,45,300,1
936,s232,5,0,12,46.436,394,40,250,1
937,s232,5,3,1,60.081,409,50,200,1
938,s232,5,3,2,61.309,424,45,300,1
939,s232,5,3,3,61.096,434,39,400,1
940,s232,5,3,4,57.026,390,40,350,1
941,s232,5,3,5,56.698,335,35,300,1
942,s232,5,3,6,75.028,396,45,200,1
943,s232,5,3,7,65.568,365,35,250,1
944,s232,5,3,8,69.852,370,50,300,1
945,s232,5,3,9,75.822,400,45,250,1
946,s232,5,3,10,76.371,443,40,200,1
947,s232,5,3,11,69.278,366,45,250,1
948,s232,5,3,12,76.78,395,48,200,1
949,s232,5,4,1,82.194,427,55,300,1
950,s232,5,4,2,86.485,400,60,400,1
951,s232,5,4,3,94.839,432,70,350,1
952,s232,5,4,4,81.686,397,70,400,1
953,s232,5,4,5,85.183,405,55,400,1
954,s232,5,4,6,87.927,420,50,400,1
955,s232,5,4,7,89.745,418,65,350,1
956,s232,5,4,8,91.858,451,70,300,1
957,s232,5,4,9,76.42,424,65,300,1
958,s232,5,4,10,78.476,388,50,200,1
959,s232,5,4,11,76.494,444,50,250,1
960,s232,5,4,12,77.829,386,60,200,1
961,s233,5,0,1,,,,,0
962,s233,5,0,2,42.44,226,65,400,1
963,s233,5,0,3,36.543,193,50,400,1
964,s233,5,0,4,45.568,231,65,400,1
965,s233,5,0,5,44.594,191,60,450,1
966,s233,5,0,6,40.794,230,45,400,1
967,s233,5,0,7,39.197,205,35,350,1
968,s233,5,0,8,42.317,197,45,400,1
969,s233,5,0,9,37.108,197,35,350,1
970,s233,5,0,10,48.558,224,40,400,1
971,s233,5,0,11,50.187,247,50,350,1
972,s233,5,0,12,45.437,213,40,350,1
973,s233,5,3,1,,,,,0
974,s233,5,3,2,44.848,194,50,300,1
975,s233,5,3,3,33.382,191,30,300,1
976,s233,5,3,4,48.222,199,60,350,1
977,s233,5,3,5,37.141,172,45,300,1
978,s233,5,3,6,40.753,204,45,300,1
979,s233,5,3,7,41.49,185,50,300,1
980,s233,5,3,8,42.604,176,45,300,1
981,s233,5,3,9,40.638,181,45,300,1
982,s233,5,3,10,38.943,183,45,300,1
983,s233,5,3,11,40.327,193,40,300,1
984,s233,5,3,12,42.301,174,50,350,1
985,s233,5,4,1,51.686,206,50,300,1
986,s233,5,4,2,50.72,215,65,300,1
987,s233,5,4,3,58.918,243,70,325,1
988,s233,5,4,4,54.192,220,45,250,1
989,s233,5,4,5,57.493,231,70,300,1
990,s233,5,4,6,54.929,203,65,300,1
991,s233,5,4,7,58.852,230,65,275,1
992,s233,5,4,8,56.469,245,65,300,1
993,s233,5,4,9,54.954,229,60,250,1
994,s233,5,4,10,57.575,241,70,275,1
995,s233,5,4,11,60.327,244,70,300,1
996,s233,5,4,12,63.398,240,80,300,1
997,s234,5,3,1,,,,,0
998,s234,5,3,2,76.51,278,40,200,1
999,s234,5,3,3,84.086,278,45,150,1
1000,s234,5,3,4,62.538,263,35,200,1
1001,s234,5,3,5,86.363,322,40,250,1
1002,s234,5,3,6,89.72,328,40,200,1
1003,s234,5,3,7,92.759,337,40,250,1
1004,s234,5,3,8,89.737,355,40,200,1
1005,s234,5,3,9,98.508,347,45,200,1
1006,s234,5,3,10,94.954,340,40,200,1
1007,s234,5,3,11,102.939,339,45,200,1
1008,s234,5,3,12,85.822,310,35,180,1
1009,s234,5,4,1,,,,,0
1010,s234,5,4,2,121.408,369,55,200,1
1011,s234,5,4,3,117.018,395,60,250,1
1012,s234,5,4,4,126.396,395,55,250,1
1013,s234,5,4,5,123.472,358,60,250,1
1014,s234,5,4,6,,,,,0
1015,s234,5,4,7,116.428,336,55,200,1
1016,s234,5,4,8,133.447,366,65,200,1
1017,s234,5,4,9,134.045,373,65,220,1
1018,s234,5,4,10,119.786,352,55,200,1
1019,s234,5,4,11,116.592,353,60,220,1
1020,s234,5,4,12,118.5,355,60,200,1
1021,s235,5,3,1,53.103,250,35,500,1
1022,s235,5,3,2,49.336,290,38,350,1
1023,s235,5,3,3,44.553,207,35,400,1
1024,s235,5,3,4,51.506,227,42,380,1
1025,s235,5,3,5,50.662,230,39,400,1
1026,s235,5,3,6,61.342,261,45,500,1
1027,s235,5,3,7,43.226,201,35,300,1
1028,s235,5,3,8,46.06,247,37,320,1
1029,s235,5,3,9,40.482,182,38,320,1
1030,s235,5,3,10,36.289,165,35,300,1
1031,s235,5,3,11,41.318,183,39,330,1
1032,s235,5,3,12,50.114,200,43,350,1
1033,s235,5,4,1,69.835,264,55,400,1
1034,s235,5,4,2,72.923,224,70,420,1
1035,s235,5,4,3,61.457,217,55,380,1
1036,s235,5,4,4,67.87,220,75,410,1
1037,s235,5,4,5,64.864,231,70,400,1
1038,s235,5,4,6,62.317,223,68,370,1
1039,s235,5,4,7,58.639,257,65,350,1
1040,s235,5,4,8,57.378,205,62,360,1
1041,s235,5,4,9,70.138,253,75,400,1
1042,s235,5,4,10,54.913,233,65,380,1
1043,s235,5,4,11,58.476,241,70,390,1
1044,s235,5,4,12,56.281,248,65,370,1
1045,s236,5,0,1,,,,,0
1046,s236,5,0,2,44.946,374,35,200,1
1047,s236,5,0,3,35.765,568,35,220,1
1048,s236,5,0,4,41.277,295,40,200,1
1049,s236,5,0,5,44.479,344,35,220,1
1050,s236,5,0,6,45.691,305,30,150,1
1051,s236,5,0,7,47.321,367,40,150,1
1052,s236,5,0,8,55.069,506,45,200,1
1053,s236,5,0,9,51.67,541,40,200,1
1054,s236,5,0,10,52.907,514,45,220,1
1055,s236,5,0,11,58.803,442,45,250,1
1056,s236,5,0,12,54.332,449,45,220,1
1057,s236,5,3,1,,,,,0
1058,s236,5,3,2,45.601,535,45,200,1
1059,s236,5,3,3,42.595,522,30,270,1
1060,s236,5,3,4,43.889,591,35,250,1
1061,s236,5,3,5,48.328,640,40,200,1
1062,s236,5,3,6,41.94,598,30,150,1
1063,s236,5,3,7,50.351,611,45,175,1
1064,s236,5,3,8,53.103,751,40,200,1
1065,s236,5,3,9,52.088,677,50,270,1
1066,s236,5,3,10,47.206,678,45,260,1
1067,s236,5,3,11,50.622,701,40,200,1
1068,s236,5,3,12,49.671,678,50,250,1
1069,s236,5,4,1,68.754,586,50,200,1
1070,s236,5,4,2,62.251,599,55,250,1
1071,s236,5,4,3,62.251,710,50,200,1
1072,s236,5,4,4,59.549,684,55,220,1
1073,s236,5,4,5,62.431,719,0,250,1
1074,s236,5,4,6,66.42,721,55,220,1
1075,s236,5,4,7,62.047,488,65,250,1
1076,s236,5,4,8,64.11,671,55,250,1
1077,s236,5,4,9,71.023,717,60,255,1
1078,s236,5,4,10,68.214,828,60,200,1
1079,s236,5,4,11,60.351,792,65,270,1
1080,s236,5,4,12,56.428,818,55,280,1
1081,s237,5,0,1,,,,,0
1082,s237,5,0,2,36.248,246,45,500,1
1083,s237,5,0,3,31.842,173,45,400,1
1084,s237,5,0,4,23.644,177,40,400,1
1085,s237,5,0,5,16.044,120,30,300,1
1086,s237,5,0,6,26.519,162,30,400,1
1087,s237,5,0,7,41.039,226,48,400,1
1088,s237,5,0,8,27.763,161,45,300,1
1089,s237,5,0,9,42.866,178,40,350,1
1090,s237,5,0,10,49.639,200,45,300,1
1091,s237,5,0,11,42.407,190,45,400,1
1092,s237,5,0,12,34.684,166,40,350,1
1093,s237,5,3,1,,,,,0
1094,s237,5,3,2,41.473,158,40,250,1
1095,s237,5,3,3,35.896,154,35,250,1
1096,s237,5,3,4,50.302,190,40,225,1
1097,s237,5,3,5,53.128,184,45,300,1
1098,s237,5,3,6,66.051,231,60,350,1
1099,s237,5,3,7,54.471,176,30,200,1
1100,s237,5,3,8,48.468,184,35,300,1
1101,s237,5,3,9,54.733,193,40,350,1
1102,s237,5,3,10,56.281,172,40,250,1
1103,s237,5,3,11,57.608,177,45,275,1
1104,s237,5,3,12,60.261,210,45,300,1
1105,s237,5,4,1,,,,,0
1106,s237,5,4,2,78.361,223,55,300,1
1107,s237,5,4,3,76.248,219,60,400,1
1108,s237,5,4,4,70.294,227,45,250,1
1109,s237,5,4,5,77.272,226,65,350,1
1110,s237,5,4,6,65.609,222,50,300,1
1111,s237,5,4,7,,,,,0
1112,s237,5,4,8,78.042,205,65,300,1
1113,s237,5,4,9,63.766,195,40,300,1
1114,s237,5,4,10,70.851,218,60,300,1
1115,s237,5,4,11,69.917,221,55,300,1
1116,s237,5,4,12,73.062,221,65,300,1
1117,s238,5,3,1,,,,,0
1118,s238,5,3,2,41.539,225,42,280,1
1119,s238,5,3,3,37.444,193,45,260,1
1120,s238,5,3,4,39.999,195,50,280,1
1121,s238,5,3,5,38.705,209,40,270,1
1122,s238,5,3,6,40.073,211,45,230,1
1123,s238,5,3,7,38.058,203,40,240,1
1124,s238,5,3,8,38.361,201,43,225,1
1125,s238,5,3,9,38.222,191,39,220,1
1126,s238,5,3,10,39.876,203,38,210,1
1127,s238,5,3,11,42.653,199,44,225,1
1128,s238,5,3,12,39.164,190,40,215,1
1129,s238,5,4,1,53.652,223,55,300,1
1130,s238,5,4,2,60.376,218,62,250,1
1131,s238,5,4,3,54.127,221,52,210,1
1132,s238,5,4,4,60.63,233,60,250,1
1133,s238,5,4,5,59.63,257,58,230,1
1134,s238,5,4,6,57.534,243,60,225,1
1135,s238,5,4,7,53.742,255,58,240,1
1136,s238,5,4,8,54.807,231,57,230,1
1137,s238,5,4,9,46.617,230,50,220,1
1138,s238,5,4,10,61.162,226,65,240,1
1139,s238,5,4,11,52.309,215,62,220,1
1140,s238,5,4,12,52.816,209,60,226,1
1141,s301,6,3,1,,,,,0
1142,s301,6,3,2,36.871,373,50,225,1
1143,s301,6,3,3,24.946,378,40,225,1
1144,s301,6,3,4,26.723,346,40,225,1
1145,s301,6,3,5,29.188,375,40,225,1
1146,s301,6,3,6,30.515,386,40,200,1
1147,s301,6,3,7,31.711,484,40,300,1
1148,s301,6,3,8,27.616,392,40,225,1
1149,s301,6,3,9,29.885,454,40,225,1
1150,s301,6,3,10,31.719,426,40,225,1
1151,s301,6,3,11,33.742,464,50,225,1
1152,s301,6,3,12,32.964,448,40,225,1
1153,s301,6,4,1,47.108,516,80,300,1
1154,s301,6,4,2,42.391,443,60,225,1
1155,s301,6,4,3,37.329,471,70,225,1
1156,s301,6,4,4,37.935,490,60,225,1
1157,s301,6,4,5,41.973,468,70,200,1
1158,s301,6,4,6,37.313,541,80,200,1
1159,s301,6,4,7,28.386,425,60,225,1
1160,s301,6,4,8,34.135,475,50,225,1
1161,s301,6,4,9,42.726,557,80,200,1
1162,s301,6,4,10,42.415,532,80,225,1
1163,s301,6,4,11,41.375,529,70,225,1
1164,s301,6,4,12,35.052,518,60,225,1
1165,s302,6,0,1,,,,,0
1166,s302,6,0,2,57.599,302,70,200,1
1167,s302,6,0,3,59.319,245,60,200,1
1168,s302,6,0,4,54.069,243,70,200,1
1169,s302,6,0,5,65.06,282,80,200,1
1170,s302,6,0,6,70.105,344,80,100,1
1171,s302,6,0,7,65.937,250,85,250,1
1172,s302,6,0,8,65.413,263,60,100,1
1173,s302,6,0,9,63.365,344,60,100,1
1174,s302,6,0,10,63.193,233,50,100,1
1175,s302,6,0,11,70.408,289,70,200,1
1176,s302,6,0,12,65.077,250,50,200,1
1177,s302,6,3,1,38.32,167,35,200,1
1178,s302,6,3,2,35.806,164,50,100,1
1179,s302,6,3,3,35.339,167,60,200,1
1180,s302,6,3,4,34.111,165,50,100,1
1181,s302,6,3,5,36.412,198,60,200,1
1182,s302,6,3,6,36.772,156,50,100,1
1183,s302,6,3,7,37.755,188,60,100,1
1184,s302,6,3,8,34.7,184,70,100,1
1185,s302,6,3,9,38.222,168,70,250,1
1186,s302,6,3,10,34.872,165,80,200,1
1187,s302,6,3,11,28.681,166,50,100,1
1188,s302,6,3,12,33.521,175,50,100,1
1189,s302,6,4,1,42.898,210,65,200,1
1190,s302,6,4,2,47.026,221,70,200,1
1191,s302,6,4,3,48.402,236,80,200,1
1192,s302,6,4,4,41.351,200,80,100,1
1193,s302,6,4,5,51.309,205,70,150,1
1194,s302,6,4,6,45.617,207,80,150,1
1195,s302,6,4,7,43.898,209,50,200,1
1196,s302,6,4,8,43.341,192,55,200,1
1197,s302,6,4,9,43.521,209,60,150,1
1198,s302,6,4,10,44.643,197,50,200,1
1199,s302,6,4,11,41.94,186,65,150,1
1200,s302,6,4,12,41.899,200,55,200,1
1201,s303,6,0,1,92.808,288,60,300,1
1202,s303,6,0,2,103.832,315,60,300,1
1203,s303,6,0,3,102.98,324,70,300,1
1204,s303,6,0,4,67.607,240,45,300,1
1205,s303,6,0,5,61.015,223,40,250,1
1206,s303,6,0,6,81.318,290,60,300,1
1207,s303,6,0,7,84.241,259,75,400,1
1208,s303,6,0,8,52.505,207,40,250,1
1209,s303,6,0,9,65.355,265,60,350,1
1210,s303,6,0,10,62.415,243,50,350,1
1211,s303,6,0,11,56.772,229,40,250,1
1212,s303,6,0,12,45.593,208,30,250,1
1213,s303,6,3,1,,,,,0
1214,s303,6,3,2,81.752,275,80,200,1
1215,s303,6,3,3,46.633,214,45,150,1
1216,s303,6,3,4,52.366,240,40,150,1
1217,s303,6,3,5,60.965,280,40,200,1
1218,s303,6,3,6,62.014,316,40,250,1
1219,s303,6,3,7,65.961,322,40,300,1
1220,s303,6,3,8,54.16,250,40,250,1
1221,s303,6,3,9,65.077,317,50,250,1
1222,s303,6,3,10,58.148,330,40,225,1
1223,s303,6,3,11,61.662,307,60,250,1
1224,s303,6,3,12,60.597,312,50,250,1
1225,s303,6,4,1,87.616,364,50,250,1
1226,s303,6,4,2,90.761,398,60,300,1
1227,s303,6,4,3,68.304,283,50,250,1
1228,s303,6,4,4,77.943,323,60,300,1
1229,s303,6,4,5,77.779,339,70,300,1
1230,s303,6,4,6,68.672,327,55,300,1
1231,s303,6,4,7,70.277,369,60,250,1
1232,s303,6,4,8,74.749,360,70,300,1
1233,s303,6,4,9,66.15,308,60,300,1
1234,s303,6,4,10,73.635,353,70,350,1
1235,s303,6,4,11,69.475,342,60,350,1
1236,s303,6,4,12,57.067,242,50,250,1
1237,s304,6,0,1,,,,,0
1238,s304,6,0,2,77.82,271,50,200,1
1239,s304,6,0,3,92.169,323,55,250,1
1240,s304,6,0,4,,,,,0
1241,s304,6,0,5,90.441,395,50,200,1
1242,s304,6,0,6,106.535,408,70,200,1
1243,s304,6,0,7,102.161,359,80,200,1
1244,s304,6,0,8,107.304,354,75,250,1
1245,s304,6,0,9,73.562,283,30,200,1
1246,s304,6,0,10,104.086,381,45,200,1
1247,s304,6,0,11,59.86,244,35,200,1
1248,s304,6,0,12,60.941,270,40,100,1
1249,s304,6,3,1,65.429,726,43,200,1
1250,s304,6,3,2,62.636,590,45,150,1
1251,s304,6,3,3,75.142,818,55,225,1
1252,s304,6,3,4,65.298,706,45,250,1
1253,s304,6,3,5,64.553,588,39,200,1
1254,s304,6,3,6,,,,,0
1255,s304,6,3,7,66.109,659,40,250,1
1256,s304,6,3,8,68.451,965,40,250,1
1257,s304,6,3,9,66.354,989,40,200,1
1258,s304,6,3,10,65.011,981,50,200,1
1259,s304,6,3,11,67.632,1119,45,250,1
1260,s304,6,3,12,73.439,1214,55,200,1
1261,s304,6,4,1,108.23,958,70,225,1
1262,s304,6,4,2,102.284,779,60,250,1
1263,s304,6,4,3,101.563,1137,60,200,1
1264,s304,6,4,4,,,,,0
1265,s304,6,4,5,96.788,970,60,200,1
1266,s304,6,4,6,91.956,1030,70,200,1
1267,s304,6,4,7,98.459,1044,70,200,1
1268,s304,6,4,8,90.728,907,60,150,1
1269,s304,6,4,9,86.887,1320,50,200,1
1270,s304,6,4,10,90.875,1480,65,200,1
1271,s304,6,4,11,89.598,1538,60,220,1
1272,s304,6,4,12,86.248,1588,60,200,1
1273,s305,6,3,1,,,,,0
1274,s305,6,3,2,43.447,266,50,200,1
1275,s305,6,3,3,45.667,329,40,200,1
1276,s305,6,3,4,40.695,279,35,100,1
1277,s305,6,3,5,38.083,280,40,250,1
1278,s305,6,3,6,44.782,308,50,300,1
1279,s305,6,3,7,41.097,283,40,225,1
1280,s305,6,3,8,46.764,327,50,230,1
1281,s305,6,3,9,41.26,287,40,200,1
1282,s305,6,3,10,39.794,358,45,250,1
1283,s305,6,3,11,40.269,356,40,200,1
1284,s305,6,3,12,36.576,334,40,250,1
1285,s305,6,4,1,59.246,345,60,200,1
1286,s305,6,4,2,57.624,370,60,225,1
1287,s305,6,4,3,59.106,417,65,230,1
1288,s305,6,4,4,65.879,381,65,225,1
1289,s305,6,4,5,62.833,406,70,200,1
1290,s305,6,4,6,64.618,407,60,225,1
1291,s305,6,4,7,59.123,398,65,225,1
1292,s305,6,4,8,65.879,426,70,250,1
1293,s305,6,4,9,59.663,405,70,225,1
1294,s305,6,4,10,52.038,347,60,200,1
1295,s305,6,4,11,58.369,332,60,225,1
1296,s305,6,4,12,58.279,375,60,200,1
1297,s306,6,0,1,,,,,0
1298,s306,6,0,2,13.144,192,30,300,1
1299,s306,6,0,3,10.696,111,35,250,1
1300,s306,6,0,4,7.42,94,35,300,1
1301,s306,6,0,5,,,,,0
1302,s306,6,0,6,11.04,148,40,400,1
1303,s306,6,0,7,8.05,110,45,300,1
1304,s306,6,0,8,4.07,74,40,300,1
1305,s306,6,0,9,4.381,135,20,500,1
1306,s306,6,0,10,9.418,139,35,500,1
1307,s306,6,0,11,7.993,116,45,300,1
1308,s306,6,0,12,,,,,0
1309,s306,6,3,1,,,,,0
1310,s306,6,3,2,7.821,64,50,400,1
1311,s306,6,3,3,6.224,78,50,450,1
1312,s306,6,3,4,,,,,0
1313,s306,6,3,5,8.378,108,60,400,1
1314,s306,6,3,6,6.134,100,45,400,1
1315,s306,6,3,7,4.062,44,40,300,1
1316,s306,6,3,8,2.375,56,25,300,1
1317,s306,6,3,9,4.471,51,30,350,1
1318,s306,6,3,10,6.265,67,40,250,1
1319,s306,6,3,11,6.896,112,45,500,1
1320,s306,6,3,12,7.199,77,45,450,1
1321,s306,6,4,1,17.567,139,65,500,1
1322,s306,6,4,2,11.515,94,45,450,1
1323,s306,6,4,3,8.231,98,40,450,1
1324,s306,6,4,4,15.29,121,65,500,1
1325,s306,6,4,5,11.883,109,55,375,1
1326,s306,6,4,6,11.433,89,60,400,1
1327,s306,6,4,7,13.128,127,55,450,1
1328,s306,6,4,8,10.769,89,65,500,1
1329,s306,6,4,9,9.803,98,45,425,1
1330,s306,6,4,10,12.768,97,65,350,1
1331,s306,6,4,11,12.53,94,70,350,1
1332,s306,6,4,12,9.942,102,50,250,1
1333,s307,6,3,1,49.074,242,30,300,1
1334,s307,6,3,2,47.493,196,35,200,1
1335,s307,6,3,3,59.229,245,40,200,1
1336,s307,6,3,4,54.52,238,35,300,1
1337,s307,6,3,5,64.536,226,40,200,1
1338,s307,6,3,6,62.882,246,45,200,1
1339,s307,6,3,7,57.755,220,30,200,1
1340,s307,6,3,8,67.026,258,45,300,1
1341,s307,6,3,9,63.848,229,35,200,1
1342,s307,6,3,10,63.16,234,45,250,1
1343,s307,6,3,11,68.639,244,45,200,1
1344,s307,6,3,12,58.574,241,35,200,1
1345,s307,6,4,1,90.867,320,70,200,1
1346,s307,6,4,2,71.473,280,50,300,1
1347,s307,6,4,3,75.38,246,60,200,1
1348,s307,6,4,4,71.735,249,60,200,1
1349,s307,6,4,5,75.732,227,60,250,1
1350,s307,6,4,6,73.644,266,50,250,1
1351,s307,6,4,7,74.397,249,60,200,1
1352,s307,6,4,8,87.542,276,65,300,1
1353,s307,6,4,9,74.987,251,50,300,1
1354,s307,6,4,10,75.273,253,55,300,1
1355,s307,6,4,11,78.492,265,60,200,1
1356,s307,6,4,12,71.547,245,50,200,1
1357,s308,6,0,1,28.574,208,60,350,1
1358,s308,6,0,2,25.298,146,30,300,1
1359,s308,6,0,3,21.695,143,50,300,1
1360,s308,6,0,4,20.466,151,40,300,1
1361,s308,6,0,5,23.112,141,50,250,1
1362,s308,6,0,6,21.449,125,50,250,1
1363,s308,6,0,7,25.552,146,60,300,1
1364,s308,6,0,8,21.818,118,50,300,1
1365,s308,6,0,9,18.042,126,30,300,1
1366,s308,6,0,10,24.913,160,50,250,1
1367,s308,6,0,11,26.338,145,60,300,1
1368,s308,6,0,12,18.189,130,30,200,1
1369,s308,6,3,1,,,,,0
1370,s308,6,3,2,55.765,291,45,250,1
1371,s308,6,3,3,63.046,329,50,200,1
1372,s308,6,3,4,58.82,310,45,225,1
1373,s308,6,3,5,65.953,337,50,150,1
1374,s308,6,3,6,62.481,330,50,200,1
1375,s308,6,3,7,67.206,323,60,200,1
1376,s308,6,3,8,69.319,324,70,250,1
1377,s308,6,3,9,63.439,350,60,300,1
1378,s308,6,3,10,58.5,290,50,150,1
1379,s308,6,3,11,59.45,307,60,200,1
1380,s308,6,3,12,57.984,306,60,150,1
1381,s308,6,4,1,53.693,255,50,200,1
1382,s308,6,4,2,55.789,300,60,200,1
1383,s308,6,4,3,57.755,357,70,250,1
1384,s308,6,4,4,61.965,317,80,200,1
1385,s308,6,4,5,55.077,281,60,150,1
1386,s308,6,4,6,52.489,302,50,200,1
1387,s308,6,4,7,52.735,299,60,250,1
1388,s308,6,4,8,59.925,309,70,200,1
1389,s308,6,4,9,60.073,333,80,250,1
1390,s308,6,4,10,57.648,313,60,150,1
1391,s308,6,4,11,53.881,333,70,250,1
1392,s308,6,4,12,54.43,318,80,200,1
1393,s309,6,3,1,,,,,0
1394,s309,6,3,2,72.915,154,30,200,1
1395,s309,6,3,3,94.929,193,50,280,1
1396,s309,6,3,4,77.714,161,30,225,1
1397,s309,6,3,5,,,,,0
1398,s309,6,3,6,78.361,179,45,230,1
1399,s309,6,3,7,77.722,183,30,230,1
1400,s309,6,3,8,76.616,174,40,240,1
1401,s309,6,3,9,90.441,204,50,260,1
1402,s309,6,3,10,88.942,189,45,250,1
1403,s309,6,3,11,87.001,185,40,250,1
1404,s309,6,3,12,84.233,213,35,230,1
1405,s309,6,4,1,,,,,0
1406,s309,6,4,2,117.755,244,70,340,1
1407,s309,6,4,3,96.51,219,40,250,1
1408,s309,6,4,4,109.721,236,60,280,1
1409,s309,6,4,5,108.025,246,60,250,1
1410,s309,6,4,6,106.895,223,65,270,1
1411,s309,6,4,7,98.82,186,60,240,1
1412,s309,6,4,8,106.232,192,65,230,1
1413,s309,6,4,9,90.875,188,45,230,1
1414,s309,6,4,10,104.192,232,60,260,1
1415,s309,6,4,11,110.965,222,60,260,1
1416,s309,6,4,12,102.317,223,50,230,1
1417,s310,6,3,1,,,,,0
1418,s310,6,3,2,59.827,223,50,250,1
1419,s310,6,3,3,62.268,262,45,200,1
1420,s310,6,3,4,,,,,0
1421,s310,6,3,5,58.902,262,50,300,1
1422,s310,6,3,6,59.762,243,45,300,1
1423,s310,6,3,7,54.798,260,25,200,1
1424,s310,6,3,8,56.698,286,45,200,1
1425,s310,6,3,9,51.981,227,30,200,1
1426,s310,6,3,10,61.162,247,35,250,1
1427,s310,6,3,11,65.363,283,45,200,1
1428,s310,6,3,12,60.261,262,50,250,1
1429,s310,6,4,1,73.168,284,50,250,1
1430,s310,6,4,2,77.558,306,55,300,1
1431,s310,6,4,3,65.126,303,50,200,1
1432,s310,6,4,4,70.679,289,50,225,1
1433,s310,6,4,5,84.716,333,65,300,1
1434,s310,6,4,6,76.584,299,60,250,1
1435,s310,6,4,7,77.018,306,50,200,1
1436,s310,6,4,8,75.372,324,50,250,1
1437,s310,6,4,9,,,,,0
1438,s310,6,4,10,85.38,330,60,275,1
1439,s310,6,4,11,78.32,294,50,200,1
1440,s310,6,4,12,71.129,281,50,200,1
1441,s311,6,0,1,,,,,0
1442,s311,6,0,2,52.497,190,60,250,1
1443,s311,6,0,3,32.628,171,30,200,1
1444,s311,6,0,4,48.754,224,40,300,1
1445,s311,6,0,5,43.013,201,40,300,1
1446,s311,6,0,6,46.584,204,40,250,1
1447,s311,6,0,7,46.445,216,50,300,1
1448,s311,6,0,8,56.354,205,60,300,1
1449,s311,6,0,9,44.16,221,40,200,1
1450,s311,6,0,10,36.412,209,30,200,1
1451,s311,6,0,11,57.427,217,50,250,1
1452,s311,6,0,12,48.779,188,40,300,1
1453,s311,6,3,1,,,,,0
1454,s311,6,3,2,57.886,213,40,250,1
1455,s311,6,3,3,62.841,237,60,300,1
1456,s311,6,3,4,65.74,199,50,200,1
1457,s311,6,3,5,65.11,206,50,300,1
1458,s311,6,3,6,64.888,242,40,300,1
1459,s311,6,3,7,68.41,235,50,250,1
1460,s311,6,3,8,56.314,184,30,200,1
1461,s311,6,3,9,66.363,245,40,300,1
1462,s311,6,3,10,63.848,215,40,200,1
1463,s311,6,3,11,59.663,200,30,200,1
1464,s311,6,3,12,65.363,220,40,250,1
1465,s311,6,4,1,73.897,225,70,250,1
1466,s311,6,4,2,79.589,242,70,300,1
1467,s311,6,4,3,82.816,223,60,250,1
1468,s311,6,4,4,77.624,247,70,300,1
1469,s311,6,4,5,73.725,234,50,200,1
1470,s311,6,4,6,69.745,220,50,200,1
1471,s311,6,4,7,90.023,260,70,300,1
1472,s311,6,4,8,83.087,251,60,300,1
1473,s311,6,4,9,74.422,272,60,250,1
1474,s311,6,4,10,82.628,277,70,300,1
1475,s311,6,4,11,78.369,255,60,250,1
1476,s311,6,4,12,68.353,214,50,250,1
1477,s312,6,3,1,35.855,173,50,300,1
1478,s312,6,3,2,32.595,175,50,300,1
1479,s312,6,3,3,43.562,187,70,330,1
1480,s312,6,3,4,36.248,173,45,315,1
1481,s312,6,3,5,44.446,204,65,320,1
1482,s312,6,3,6,36.772,181,50,275,1
1483,s312,6,3,7,37.812,196,55,275,1
1484,s312,6,3,8,40.736,214,55,260,1
1485,s312,6,3,9,37.927,197,50,275,1
1486,s312,6,3,10,40.31,195,60,260,1
1487,s312,6,3,11,43.259,188,65,270,1
1488,s312,6,3,12,35.355,207,45,240,1
1489,s312,6,4,1,49.229,229,70,300,1
1490,s312,6,4,2,42.98,196,50,275,1
1491,s312,6,4,3,41.162,221,45,230,1
1492,s312,6,4,4,50.286,214,60,250,1
1493,s312,6,4,5,48.509,215,65,280,1
1494,s312,6,4,6,58.59,271,80,300,1
1495,s312,6,4,7,48.418,216,75,290,1
1496,s312,6,4,8,52.685,253,75,300,1
1497,s312,6,4,9,,,,,0
1498,s312,6,4,10,48.762,237,70,250,1
1499,s312,6,4,11,50.106,219,80,300,1
1500,s312,6,4,12,48.304,221,70,260,1
1501,s313,6,3,1,,,,,0
1502,s313,6,3,2,31.719,226,50,300,1
1503,s313,6,3,3,20.384,201,30,200,1
1504,s313,6,3,4,30.491,276,50,200,1
1505,s313,6,3,5,28.091,251,40,200,1
1506,s313,6,3,6,26.216,254,30,300,1
1507,s313,6,3,7,25.044,203,50,300,1
1508,s313,6,3,8,26.854,258,50,200,1
1509,s313,6,3,9,28.689,237,60,300,1
1510,s313,6,3,10,27.477,234,40,200,1
1511,s313,6,3,11,32.08,288,60,300,1
1512,s313,6,3,12,21.252,221,30,200,1
1513,s313,6,4,1,35.315,277,50,200,1
1514,s313,6,4,2,36.723,253,60,200,1
1515,s313,6,4,3,37.927,313,70,300,1
1516,s313,6,4,4,36.821,255,70,300,1
1517,s313,6,4,5,35.626,301,70,300,1
1518,s313,6,4,6,37.206,295,50,200,1
1519,s313,6,4,7,43.251,311,80,300,1
1520,s313,6,4,8,34.012,279,60,300,1
1521,s313,6,4,9,32.112,271,50,200,1
1522,s313,6,4,10,34.143,344,50,300,1
1523,s313,6,4,11,30.319,224,60,200,1
1524,s313,6,4,12,34.086,277,70,300,1
1525,s314,6,3,1,34.954,896,45,1000,1
1526,s314,6,3,2,32.538,433,43,500,1
1527,s314,6,3,3,32.383,412,35,250,1
1528,s314,6,3,4,,,,,0
1529,s314,6,3,5,36.92,370,46,200,1
1530,s314,6,3,6,36.641,417,45,200,1
1531,s314,6,3,7,34.397,355,44,200,1
1532,s314,6,3,8,36.584,375,45,200,1
1533,s314,6,3,9,37.403,375,43,200,1
1534,s314,6,3,10,38.967,412,43,190,1
1535,s314,6,3,11,34.43,415,45,250,1
1536,s314,6,3,12,35.298,392,43,200,1
1537,s314,6,4,1,51.85,521,80,300,1
1538,s314,6,4,2,36.584,503,63,200,1
1539,s314,6,4,3,38.255,374,65,200,1
1540,s314,6,4,4,,,,,0
1541,s314,6,4,5,32.088,441,65,200,1
1542,s314,6,4,6,44.504,359,70,200,1
1543,s314,6,4,7,38.058,404,65,200,1
1544,s314,6,4,8,35.659,348,63,250,1
1545,s314,6,4,9,37.002,454,65,250,1
1546,s314,6,4,10,42.161,394,70,200,1
1547,s314,6,4,11,,,,,0
1548,s314,6,4,12,37.452,468,65,250,1
1549,s315,6,0,1,,,,,0
1550,s315,6,0,2,50.769,936,60,305,1
1551,s315,6,0,3,39.852,972,50,250,1
1552,s315,6,0,4,34.438,674,50,225,1
1553,s315,6,0,5,33.832,698,55,230,1
1554,s315,6,0,6,,,,,0
1555,s315,6,0,7,33.333,605,45,225,1
1556,s315,6,0,8,33.996,729,35,225,1
1557,s315,6,0,9,34.577,606,47,245,1
1558,s315,6,0,10,32.563,761,45,225,1
1559,s315,6,0,11,32.178,659,30,225,1
1560,s315,6,0,12,31.948,649,45,225,1
1561,s315,6,3,1,,,,,0
1562,s315,6,3,2,43.717,291,50,250,1
1563,s315,6,3,3,32.89,222,33,275,1
1564,s315,6,3,4,40.04,247,45,220,1
1565,s315,6,3,5,42.456,286,45,225,1
1566,s315,6,3,6,33.03,197,35,200,1
1567,s315,6,3,7,40.196,216,55,225,1
1568,s315,6,3,8,40.482,195,60,250,1
1569,s315,6,3,9,43.562,284,60,225,1
1570,s315,6,3,10,33.521,228,37,210,1
1571,s315,6,3,11,37.002,219,42,225,1
1572,s315,6,3,12,46.92,291,55,230,1
1573,s315,6,4,1,57.075,324,65,225,1
1574,s315,6,4,2,58.361,307,65,230,1
1575,s315,6,4,3,37.534,211,45,225,1
1576,s315,6,4,4,52.35,259,65,230,1
1577,s315,6,4,5,41.809,230,40,225,1
1578,s315,6,4,6,57.329,221,65,230,1
1579,s315,6,4,7,45.65,219,55,230,1
1580,s315,6,4,8,53.693,278,70,210,1
1581,s315,6,4,9,44.676,227,55,230,1
1582,s315,6,4,10,56.174,259,70,230,1
1583,s315,6,4,11,63.218,277,75,245,1
1584,s315,6,4,12,51.686,278,55,225,1
1585,s316,6,0,1,,,,,0
1586,s316,6,0,2,48.721,345,60,330,1
1587,s316,6,0,3,40.343,415,55,330,1
1588,s316,6,0,4,41.326,352,55,350,1
1589,s316,6,0,5,28.435,308,45,300,1
1590,s316,6,0,6,32.407,352,45,300,1
1591,s316,6,0,7,40.622,328,60,350,1
1592,s316,6,0,8,34.045,307,50,300,1
1593,s316,6,0,9,33.251,362,50,300,1
1594,s316,6,0,10,42.292,332,70,350,1
1595,s316,6,0,11,30.515,284,45,300,1
1596,s316,6,0,12,32.26,336,45,300,1
1597,s316,6,3,1,,,,,0
1598,s316,6,3,2,48.246,337,50,250,1
1599,s316,6,3,3,49.909,334,45,250,1
1600,s316,6,3,4,48.918,379,45,260,1
1601,s316,6,3,5,60.785,382,50,260,1
1602,s316,6,3,6,48.762,329,45,260,1
1603,s316,6,3,7,58.402,387,50,250,1
1604,s316,6,3,8,49.229,345,45,250,1
1605,s316,6,3,9,59.196,487,60,260,1
1606,s316,6,3,10,61.105,439,60,250,1
1607,s316,6,3,11,50.843,376,45,250,1
1608,s316,6,3,12,53.816,371,50,260,1
1609,s316,6,4,1,61.875,409,50,260,1
1610,s316,6,4,2,66.723,443,55,250,1
1611,s316,6,4,3,65.675,405,55,260,1
1612,s316,6,4,4,66.412,423,65,270,1
1613,s316,6,4,5,64.807,408,70,260,1
1614,s316,6,4,6,,,,,0
1615,s316,6,4,7,65.552,389,70,250,1
1616,s316,6,4,8,65.363,417,70,250,1
1617,s316,6,4,9,69.18,442,65,240,1
1618,s316,6,4,10,59.368,371,50,250,1
1619,s316,6,4,11,59.68,411,50,250,1
1620,s316,6,4,12,62.579,379,55,250,1
1621,s317,6,3,1,24.962,285,30,300,1
1622,s317,6,3,2,20.843,219,30,300,1
1623,s317,6,3,3,26.207,296,50,300,1
1624,s317,6,3,4,34.741,320,50,300,1
1625,s317,6,3,5,22.677,216,30,200,1
1626,s317,6,3,6,31.711,275,50,300,1
1627,s317,6,3,7,22.104,251,50,300,1
1628,s317,6,3,8,27.19,272,50,300,1
1629,s317,6,3,9,36.379,284,60,400,1
1630,s317,6,3,10,35.446,253,55,400,1
1631,s317,6,3,11,34.111,270,50,300,1
1632,s317,6,3,12,31.645,257,50,300,1
1633,s317,6,4,1,43.554,338,50,300,1
1634,s317,6,4,2,42.53,256,50,300,1
1635,s317,6,4,3,46.387,289,65,300,1
1636,s317,6,4,4,50.318,324,75,400,1
1637,s317,6,4,5,49.999,250,65,200,1
1638,s317,6,4,6,40.147,205,50,200,1
1639,s317,6,4,7,46.338,245,50,300,1
1640,s317,6,4,8,48.812,438,70,300,1
1641,s317,6,4,9,41.891,307,50,400,1
1642,s317,6,4,10,51.383,335,50,400,1
1643,s317,6,4,11,43.914,320,50,300,1
1644,s317,6,4,12,43.586,250,50,300,1
1645,s318,6,3,1,40.196,193,35,300,1
1646,s318,6,3,2,50.097,181,43,250,1
1647,s318,6,3,3,48.877,167,55,200,1
1648,s318,6,3,4,53.848,158,55,200,1
1649,s318,6,3,5,50.572,148,45,300,1
1650,s318,6,3,6,42.931,147,40,250,1
1651,s318,6,3,7,54.184,161,55,215,1
1652,s318,6,3,8,52.972,173,45,260,1
1653,s318,6,3,9,45.396,167,40,280,1
1654,s318,6,3,10,53.766,176,50,250,1
1655,s318,6,3,11,50.843,165,45,300,1
1656,s318,6,3,12,48.705,184,40,230,1
1657,s318,6,4,1,57.935,207,65,300,1
1658,s318,6,4,2,61.35,226,65,250,1
1659,s318,6,4,3,,,,,0
1660,s318,6,4,4,,,,,0
1661,s318,6,4,5,59.696,200,60,240,1
1662,s318,6,4,6,61.015,217,60,260,1
1663,s318,6,4,7,59.786,208,55,200,1
1664,s318,6,4,8,,,,,0
1665,s318,6,4,9,61.326,178,60,225,1
1666,s318,6,4,10,54.291,192,50,200,1
1667,s318,6,4,11,55.544,199,60,215,1
1668,s318,6,4,12,58.296,215,65,220,1
1669,s319,6,3,1,,,,,0
1670,s319,6,3,2,67.083,264,45,275,1
1671,s319,6,3,3,67.763,268,45,250,1
1672,s319,6,3,4,71.702,253,55,300,1
1673,s319,6,3,5,72.259,276,55,250,1
1674,s319,6,3,6,60.032,211,45,250,1
1675,s319,6,3,7,62.456,242,45,250,1
1676,s319,6,3,8,57.108,205,40,250,1
1677,s319,6,3,9,59.671,229,45,275,1
1678,s319,6,3,10,62.399,228,45,275,1
1679,s319,6,3,11,53.791,194,40,250,1
1680,s319,6,3,12,68.77,224,45,275,1
1681,s319,6,4,1,84.782,306,60,250,1
1682,s319,6,4,2,90.523,260,65,260,1
1683,s319,6,4,3,75.838,233,55,275,1
1684,s319,6,4,4,89.835,291,60,250,1
1685,s319,6,4,5,94.389,307,70,275,1
1686,s319,6,4,6,92.923,288,60,250,1
1687,s319,6,4,7,87.403,291,55,275,1
1688,s319,6,4,8,90.613,302,60,475,1
1689,s319,6,4,9,96.919,300,60,300,1
1690,s319,6,4,10,91.432,290,70,300,1
1691,s319,6,4,11,87.698,253,60,250,1
1692,s319,6,4,12,91.686,296,65,255,1
1693,s320,6,0,1,46.24,599,40,100,1
1694,s320,6,0,2,33.889,325,37,100,1
1695,s320,6,0,3,44.242,387,40,120,1
1696,s320,6,0,4,42.628,394,40,90,1
1697,s320,6,0,5,51.629,271,45,80,1
1698,s320,6,0,6,37.395,180,40,200,1
1699,s320,6,0,7,45.298,271,43,200,1
1700,s320,6,0,8,54.373,318,40,195,1
1701,s320,6,0,9,51.563,245,45,200,1
1702,s320,6,0,10,34.659,325,35,100,1
1703,s320,6,0,11,50.957,345,40,225,1
1704,s320,6,0,12,,,,,0
1705,s320,6,3,1,,,,,0
1706,s320,6,3,2,43.939,309,39,190,1
1707,s320,6,3,3,45.339,311,27,200,1
1708,s320,6,3,4,54.831,546,40,210,1
1709,s320,6,3,5,68.664,498,45,210,1
1710,s320,6,3,6,59.385,333,42,220,1
1711,s320,6,3,7,59.786,392,40,200,1
1712,s320,6,3,8,67.157,411,43,215,1
1713,s320,6,3,9,57.444,400,40,180,1
1714,s320,6,3,10,64.364,441,40,200,1
1715,s320,6,3,11,66.51,471,39,200,1
1716,s320,6,3,12,70.548,456,41,220,1
1717,s320,6,4,1,73.586,559,50,150,1
1718,s320,6,4,2,76.297,593,60,200,1
1719,s320,6,4,3,73.987,509,60,210,1
1720,s320,6,4,4,80.711,575,59,220,1
1721,s320,6,4,5,87.861,536,62,230,1
1722,s320,6,4,6,82.931,590,61,220,1
1723,s320,6,4,7,73.603,488,55,215,1
1724,s320,6,4,8,82.784,518,60,200,1
1725,s320,6,4,9,85.036,524,60,210,1
1726,s320,6,4,10,86.387,550,60,205,1
1727,s320,6,4,11,86.207,594,60,215,1
1728,s320,6,4,12,85.126,439,61,215,1
1729,s321,6,3,1,,,,,0
1730,s321,6,3,2,61.924,317,45,400,1
1731,s321,6,3,3,70.883,309,50,500,1
1732,s321,6,3,4,69.958,330,45,350,1
1733,s321,6,3,5,64.389,271,45,300,1
1734,s321,6,3,6,87.984,345,80,600,1
1735,s321,6,3,7,53.079,241,25,200,1
1736,s321,6,3,8,48.517,248,30,200,1
1737,s321,6,3,9,70.4,299,35,250,1
1738,s321,6,3,10,68.426,285,40,300,1
1739,s321,6,3,11,66.756,281,45,350,1
1740,s321,6,3,12,69.327,311,45,400,1
1741,s321,6,4,1,92.628,361,70,500,1
1742,s321,6,4,2,81.907,307,65,500,1
1743,s321,6,4,3,94.479,363,70,600,1
1744,s321,6,4,4,103.578,393,90,650,1
1745,s321,6,4,5,79.753,310,65,400,1
1746,s321,6,4,6,82.988,326,65,500,1
1747,s321,6,4,7,92.906,343,70,500,1
1748,s321,6,4,8,89.688,332,70,400,1
1749,s321,6,4,9,95.757,366,65,300,1
1750,s321,6,4,10,86.829,311,60,400,1
1751,s321,6,4,11,78.754,327,65,300,1
1752,s321,6,4,12,86.6,362,70,400,1
1753,s322,6,3,1,29.909,227,38,275,1
1754,s322,6,3,2,61.26,331,50,325,1
1755,s322,6,3,3,53.447,253,35,250,1
1756,s322,6,3,4,52.071,286,50,300,1
1757,s322,6,3,5,69.925,303,60,300,1
1758,s322,6,3,6,74.2,341,55,400,1
1759,s322,6,3,7,64.938,308,45,350,1
1760,s322,6,3,8,63.668,276,45,300,1
1761,s322,6,3,9,61.907,309,35,250,1
1762,s322,6,3,10,69.933,338,40,275,1
1763,s322,6,3,11,69.442,362,55,350,1
1764,s322,6,3,12,65.011,337,50,325,1
1765,s322,6,4,1,77.861,315,75,350,1
1766,s322,6,4,2,71.088,312,70,250,1
1767,s322,6,4,3,71.53,295,75,350,1
1768,s322,6,4,4,59.745,304,45,250,1
1769,s322,6,4,5,66.567,303,65,300,1
1770,s322,6,4,6,62.751,285,55,250,1
1771,s322,6,4,7,73.242,308,60,325,1
1772,s322,6,4,8,63.324,289,35,250,1
1773,s322,6,4,9,71.318,258,65,225,1
1774,s322,6,4,10,80.556,326,60,325,1
1775,s322,6,4,11,75.675,334,75,350,1
1776,s322,6,4,12,71.096,347,65,325,1
1777,s323,6,3,1,,,,,0
1778,s323,6,3,2,60.728,233,40,210,1
1779,s323,6,3,3,68.533,240,40,230,1
1780,s323,6,3,4,67.01,260,37,225,1
1781,s323,6,3,5,73.709,256,42,245,1
1782,s323,6,3,6,57.894,250,30,200,1
1783,s323,6,3,7,77.427,243,43,230,1
1784,s323,6,3,8,65.896,262,38,220,1
1785,s323,6,3,9,59.106,231,39,225,1
1786,s323,6,3,10,75.355,274,41,225,1
1787,s323,6,3,11,69.761,261,38,230,1
1788,s323,6,3,12,77.198,266,40,230,1
1789,s323,6,4,1,73.971,275,50,230,1
1790,s323,6,4,2,74.905,303,53,240,1
1791,s323,6,4,3,92.014,325,65,240,1
1792,s323,6,4,4,75.363,273,50,225,1
1793,s323,6,4,5,75.453,336,52,230,1
1794,s323,6,4,6,80.982,317,56,240,1
1795,s323,6,4,7,85.781,312,60,240,1
1796,s323,6,4,8,82.882,306,58,230,1
1797,s323,6,4,9,82.988,297,54,230,1
1798,s323,6,4,10,86.928,318,61,235,1
1799,s323,6,4,11,83.725,306,55,235,1
1800,s323,6,4,12,79.033,265,59,225,1
1801,s324,6,3,1,,,,,0
1802,s324,6,3,2,44.741,200,50,400,1
1803,s324,6,3,3,43.423,186,50,350,1
1804,s324,6,3,4,38.066,195,30,300,1
1805,s324,6,3,5,37.1,143,35,275,1
1806,s324,6,3,6,36.543,169,30,250,1
1807,s324,6,3,7,42.137,158,45,275,1
1808,s324,6,3,8,34.455,134,25,200,1
1809,s324,6,3,9,40.974,194,45,300,1
1810,s324,6,3,10,43.832,151,50,250,1
1811,s324,6,3,11,38.099,151,25,250,1
1812,s324,6,3,12,40.761,175,35,300,1
1813,s324,6,4,1,53.693,193,50,300,1
1814,s324,6,4,2,54.979,174,45,250,1
1815,s324,6,4,3,72.882,263,70,350,1
1816,s324,6,4,4,53.128,190,40,200,1
1817,s324,6,4,5,52.98,181,45,250,1
1818,s324,6,4,6,56.354,199,55,300,1
1819,s324,6,4,7,59.966,212,50,300,1
1820,s324,6,4,8,57.82,218,45,275,1
1821,s324,6,4,9,51.465,177,40,300,1
1822,s324,6,4,10,57.28,194,50,275,1
1823,s324,6,4,11,47.059,191,30,250,1
1824,s324,6,4,12,55.626,170,50,275,1
1825,s325,6,0,1,62.865,478,50,200,1
1826,s325,6,0,2,43.554,892,40,300,1
1827,s325,6,0,3,46.387,741,40,250,1
1828,s325,6,0,4,43.464,1408,40,300,1
1829,s325,6,0,5,45.216,600,50,200,1
1830,s325,6,0,6,51.342,592,60,150,1
1831,s325,6,0,7,40.9,715,40,150,1
1832,s325,6,0,8,47.182,469,60,150,1
1833,s325,6,0,9,32.792,1129,40,200,1
1834,s325,6,0,10,42.382,1062,40,200,1
1835,s325,6,0,11,35.102,590,30,200,1
1836,s325,6,0,12,39.205,880,40,210,1
1837,s325,6,3,1,43.193,640,50,200,1
1838,s325,6,3,2,38.034,588,45,200,1
1839,s325,6,3,3,33.406,697,40,200,1
1840,s325,6,3,4,32.415,832,40,200,1
1841,s325,6,3,5,24.52,466,40,210,1
1842,s325,6,3,6,29.401,699,40,200,1
1843,s325,6,3,7,34.078,649,45,200,1
1844,s325,6,3,8,36.83,527,50,200,1
1845,s325,6,3,9,35.618,607,40,210,1
1846,s325,6,3,10,28.591,488,35,220,1
1847,s325,6,3,11,33.595,603,40,210,1
1848,s325,6,3,12,33.39,623,40,210,1
1849,s325,6,4,1,55.535,816,50,300,1
1850,s325,6,4,2,47.272,517,60,250,1
1851,s325,6,4,3,54.381,561,60,200,1
1852,s325,6,4,4,71.35,465,70,250,1
1853,s325,6,4,5,74.086,542,70,200,1
1854,s325,6,4,6,54.897,686,65,200,1
1855,s325,6,4,7,46.461,472,55,200,1
1856,s325,6,4,8,47.198,606,60,200,1
1857,s325,6,4,9,53.66,541,60,220,1
1858,s325,6,4,10,56.944,554,60,210,1
1859,s325,6,4,11,50.474,582,50,200,1
1860,s325,6,4,12,46.625,570,60,220,1
1861,s326,6,0,1,28.181,391,40,450,1
1862,s326,6,0,2,29.68,405,50,500,1
1863,s326,6,0,3,29.393,273,40,300,1
1864,s326,6,0,4,26.175,194,30,250,1
1865,s326,6,0,5,29.975,204,40,300,1
1866,s326,6,0,6,31.989,211,50,400,1
1867,s326,6,0,7,42.53,219,60,800,1
1868,s326,6,0,8,24.987,181,30,400,1
1869,s326,6,0,9,19.59,135,20,300,1
1870,s326,6,0,10,27.37,187,40,300,1
1871,s326,6,0,11,40.065,210,50,500,1
1872,s326,6,0,12,30.007,201,40,300,1
1873,s326,6,3,1,37.993,261,50,450,1
1874,s326,6,3,2,,,,,0
1875,s326,6,3,3,45.364,277,50,500,1
1876,s326,6,3,4,47.002,280,50,700,1
1877,s326,6,3,5,38.271,268,40,350,1
1878,s326,6,3,6,51.956,299,60,400,1
1879,s326,6,3,7,38.869,294,40,300,1
1880,s326,6,3,8,38.419,249,40,300,1
1881,s326,6,3,9,35.298,270,40,400,1
1882,s326,6,3,10,,,,,0
1883,s326,6,3,11,47.141,303,50,500,1
1884,s326,6,3,12,44.946,278,60,450,1
1885,s326,6,4,1,73.455,449,70,600,1
1886,s326,6,4,2,,,,,0
1887,s326,6,4,3,58.983,379,60,400,1
1888,s326,6,4,4,70.318,391,60,600,1
1889,s326,6,4,5,78.074,396,80,700,1
1890,s326,6,4,6,69.27,438,60,500,1
1891,s326,6,4,7,72.751,346,60,400,1
1892,s326,6,4,8,65.552,350,60,350,1
1893,s326,6,4,9,66.387,398,60,400,1
1894,s326,6,4,10,55.863,310,50,250,1
1895,s326,6,4,11,56.715,377,60,600,1
1896,s326,6,4,12,66.69,435,70,600,1
1897,s327,6,3,1,,,,,0
1898,s327,6,3,2,75.585,213,50,250,1
1899,s327,6,3,3,73.275,169,45,250,1
1900,s327,6,3,4,61.244,208,40,250,1
1901,s327,6,3,5,78.566,186,55,275,1
1902,s327,6,3,6,60.277,157,40,200,1
1903,s327,6,3,7,70.875,187,45,250,1
1904,s327,6,3,8,77.272,205,50,300,1
1905,s327,6,3,9,60.965,166,35,200,1
1906,s327,6,3,10,78.517,188,45,225,1
1907,s327,6,3,11,72.898,177,45,250,1
1908,s327,6,3,12,85.74,214,50,250,1
1909,s327,6,4,1,,,,,0
1910,s327,6,4,2,78.926,175,55,250,1
1911,s327,6,4,3,102.21,234,70,280,1
1912,s327,6,4,4,96.232,227,60,250,1
1913,s327,6,4,5,94.733,242,65,300,1
1914,s327,6,4,6,107.992,264,75,300,1
1915,s327,6,4,7,95.077,234,55,250,1
1916,s327,6,4,8,93.701,223,55,250,1
1917,s327,6,4,9,97.304,245,65,220,1
1918,s327,6,4,10,107.747,249,75,300,1
1919,s327,6,4,11,101.195,236,55,250,1
1920,s327,6,4,12,108.631,260,65,280,1
1921,s328,6,0,1,54.79,212,45,600,1
1922,s328,6,0,2,58.451,152,40,400,1
1923,s328,6,0,3,46.961,208,35,300,1
1924,s328,6,0,4,45.568,236,40,350,1
1925,s328,6,0,5,48.803,171,35,300,1
1926,s328,6,0,6,57.386,186,50,300,1
1927,s328,6,0,7,43.234,166,30,250,1
1928,s328,6,0,8,48.607,187,35,300,1
1929,s328,6,0,9,47.526,208,45,400,1
1930,s328,6,0,10,49.762,175,45,350,1
1931,s328,6,0,11,50.564,180,40,225,1
1932,s328,6,0,12,52.849,178,50,300,1
1933,s328,6,3,1,60.253,252,50,400,1
1934,s328,6,3,2,52.694,197,45,300,1
1935,s328,6,3,3,47.55,186,40,250,1
1936,s328,6,3,4,57.067,253,45,300,1
1937,s328,6,3,5,31.605,135,25,200,1
1938,s328,6,3,6,55.642,191,50,300,1
1939,s328,6,3,7,50.613,177,40,250,1
1940,s328,6,3,8,60.548,204,45,300,1
1941,s328,6,3,9,54.241,170,40,250,1
1942,s328,6,3,10,56.354,197,45,300,1
1943,s328,6,3,11,49.975,173,40,220,1
1944,s328,6,3,12,64.544,223,45,300,1
1945,s328,6,4,1,78.533,244,60,400,1
1946,s328,6,4,2,80.605,220,75,450,1
1947,s328,6,4,3,83.693,228,75,400,1
1948,s328,6,4,4,68.525,203,50,350,1
1949,s328,6,4,5,80.761,207,80,450,1
1950,s328,6,4,6,80.023,211,65,325,1
1951,s328,6,4,7,73.914,194,55,275,1
1952,s328,6,4,8,81.76,213,75,375,1
1953,s328,6,4,9,84.02,230,80,425,1
1954,s328,6,4,10,75.585,228,60,300,1
1955,s328,6,4,11,70.679,191,55,290,1
1956,s328,6,4,12,81.309,196,60,250,1
1957,s329,6,0,1,38.967,239,40,300,1
1958,s329,6,0,2,27.763,143,30,250,1
1959,s329,6,0,3,34.471,158,30,225,1
1960,s329,6,0,4,35.953,169,45,250,1
1961,s329,6,0,5,29.467,159,35,270,1
1962,s329,6,0,6,34.258,158,40,290,1
1963,s329,6,0,7,29.18,158,40,300,1
1964,s329,6,0,8,28.288,137,38,290,1
1965,s329,6,0,9,30.54,157,42,300,1
1966,s329,6,0,10,44.094,193,45,280,1
1967,s329,6,0,11,29.287,157,38,230,1
1968,s329,6,0,12,32.129,147,45,350,1
1969,s329,6,3,1,,,,,0
1970,s329,6,3,2,43.586,162,30,360,1
1971,s329,6,3,3,41.85,174,45,300,1
1972,s329,6,3,4,42.923,159,38,250,1
1973,s329,6,3,5,41.367,154,35,240,1
1974,s329,6,3,6,47.1,164,45,360,1
1975,s329,6,3,7,50.466,158,50,290,1
1976,s329,6,3,8,46.952,151,30,230,1
1977,s329,6,3,9,46.715,154,43,290,1
1978,s329,6,3,10,45.003,152,45,320,1
1979,s329,6,3,11,43.726,154,36,300,1
1980,s329,6,3,12,44.807,149,43,300,1
1981,s329,6,4,1,63.824,230,50,280,1
1982,s329,6,4,2,79.311,212,60,290,1
1983,s329,6,4,3,94.2,240,65,300,1
1984,s329,6,4,4,69.319,187,45,250,1
1985,s329,6,4,5,83.062,237,58,240,1
1986,s329,6,4,6,77.173,224,55,260,1
1987,s329,6,4,7,88.762,236,66,300,1
1988,s329,6,4,8,74.446,206,50,230,1
1989,s329,6,4,9,85.797,238,58,240,1
1990,s329,6,4,10,81.285,210,50,245,1
1991,s329,6,4,11,74.34,232,55,235,1
1992,s329,6,4,12,76.002,223,58,260,1
1993,s330,6,3,1,,,,,0
1994,s330,6,3,2,48.64,142,50,250,1
1995,s330,6,3,3,50.769,160,55,300,1
1996,s330,6,3,4,57.378,170,50,300,1
1997,s330,6,3,5,54.168,158,50,300,1
1998,s330,6,3,6,53.791,160,50,250,1
1999,s330,6,3,7,52.685,172,40,300,1
2000,s330,6,3,8,51.293,154,50,250,1
2001,s330,6,3,9,52.276,137,60,300,1
2002,s330,6,3,10,,,,,0
2003,s330,6,3,11,45.306,146,50,300,1
2004,s330,6,3,12,57.861,167,60,300,1
2005,s330,6,4,1,49.352,160,50,250,1
2006,s330,6,4,2,54.201,174,70,300,1
2007,s330,6,4,3,54.651,139,60,250,1
2008,s330,6,4,4,58.238,143,60,300,1
2009,s330,6,4,5,54.553,151,70,250,1
2010,s330,6,4,6,49.016,156,50,250,1
2011,s330,6,4,7,56.518,141,70,250,1
2012,s330,6,4,8,54.839,155,60,250,1
2013,s330,6,4,9,53.119,142,70,300,1
2014,s330,6,4,10,53.398,165,60,250,1
2015,s330,6,4,11,54.995,157,50,250,1
2016,s330,6,4,12,50.826,164,60,250,1
2017,s331,6,0,1,,,,,0
2018,s331,6,0,2,33.021,314,40,220,1
2019,s331,6,0,3,28.058,404,20,225,1
2020,s331,6,0,4,50.556,406,40,230,1
2021,s331,6,0,5,,,,,0
2022,s331,6,0,6,29.778,366,20,225,1
2023,s331,6,0,7,40.089,344,40,225,1
2024,s331,6,0,8,46.15,388,40,235,1
2025,s331,6,0,9,39.95,324,40,240,1
2026,s331,6,0,10,42.063,338,40,225,1
2027,s331,6,0,11,46.977,428,50,230,1
2028,s331,6,0,12,42.964,360,40,235,1
2029,s331,6,3,1,18.402,183,50,235,1
2030,s331,6,3,2,13.595,220,30,220,1
2031,s331,6,3,3,18.615,187,35,230,1
2032,s331,6,3,4,29.803,257,60,250,1
2033,s331,6,3,5,21.408,191,50,225,1
2034,s331,6,3,6,22.35,228,40,230,1
2035,s331,6,3,7,23.873,226,60,230,1
2036,s331,6,3,8,20.884,199,40,240,1
2037,s331,6,3,9,20.949,222,20,225,1
2038,s331,6,3,10,25.831,226,45,225,1
2039,s331,6,3,11,26.543,235,50,250,1
2040,s331,6,3,12,25.192,250,30,230,1
2041,s331,6,4,1,33.431,250,60,230,1
2042,s331,6,4,2,37.346,255,60,225,1
2043,s331,6,4,3,43.914,281,70,230,1
2044,s331,6,4,4,40.376,315,50,235,1
2045,s331,6,4,5,39.221,275,50,230,1
2046,s331,6,4,6,50.548,325,70,240,1
2047,s331,6,4,7,44.823,295,50,230,1
2048,s331,6,4,8,47.878,332,60,230,1
2049,s331,6,4,9,38.066,340,40,225,1
2050,s331,6,4,10,40.253,258,50,230,1
2051,s331,6,4,11,34.135,279,30,230,1
2052,s331,6,4,12,41.826,271,65,230,1
2053,s332,6,3,1,,,,,0
2054,s332,6,3,2,50.228,202,60,300,1
2055,s332,6,3,3,50.556,187,40,250,1
2056,s332,6,3,4,51.776,168,50,300,1
2057,s332,6,3,5,46.903,181,40,300,1
2058,s332,6,3,6,27.673,150,35,250,1
2059,s332,6,3,7,55.085,210,60,400,1
2060,s332,6,3,8,50.417,180,50,300,1
2061,s332,6,3,9,45.986,170,40,250,1
2062,s332,6,3,10,51.875,185,50,300,1
2063,s332,6,3,11,52.128,176,40,200,1
2064,s332,6,3,12,50.138,170,50,300,1
2065,s332,6,4,1,64.847,287,60,400,1
2066,s332,6,4,2,71.195,264,70,400,1
2067,s332,6,4,3,,,,,0
2068,s332,6,4,4,66.076,234,70,500,1
2069,s332,6,4,5,59.721,231,60,600,1
2070,s332,6,4,6,62.751,201,70,400,1
2071,s332,6,4,7,62.939,198,50,400,1
2072,s332,6,4,8,67.001,221,70,400,1
2073,s332,6,4,9,63.627,230,70,500,1
2074,s332,6,4,10,62.341,212,70,600,1
2075,s332,6,4,11,69.139,216,80,500,1
2076,s332,6,4,12,60.515,214,40,300,1
2077,s333,6,0,1,36.543,376,50,250,1
2078,s333,6,0,2,25.642,189,40,250,1
2079,s333,6,0,3,21.785,316,45,300,1
2080,s333,6,0,4,20.794,255,35,300,1
2081,s333,6,0,5,19.459,234,40,300,1
2082,s333,6,0,6,27.075,347,50,250,1
2083,s333,6,0,7,19.958,184,45,250,1
2084,s333,6,0,8,18.247,198,40,250,1
2085,s333,6,0,9,16.117,211,25,250,1
2086,s333,6,0,10,31.924,278,50,300,1
2087,s333,6,0,11,27.919,258,50,300,1
2088,s333,6,0,12,25.085,216,35,250,1
2089,s333,6,3,1,,,,,0
2090,s333,6,3,2,40.941,247,50,300,1
2091,s333,6,3,3,42.235,275,35,275,1
2092,s333,6,3,4,46.559,264,40,250,1
2093,s333,6,3,5,42.006,218,30,250,1
2094,s333,6,3,6,58.893,292,60,235,1
2095,s333,6,3,7,53.414,334,50,245,1
2096,s333,6,3,8,51.146,285,45,230,1
2097,s333,6,3,9,57.026,282,50,245,1
2098,s333,6,3,10,51.449,307,45,275,1
2099,s333,6,3,11,53.431,349,50,275,1
2100,s333,6,3,12,51.916,284,40,230,1
2101,s333,6,4,1,51.973,316,60,275,1
2102,s333,6,4,2,59.393,344,80,275,1
2103,s333,6,4,3,48.631,309,65,245,1
2104,s333,6,4,4,,,,,0
2105,s333,6,4,5,51.752,293,70,230,1
2106,s333,6,4,6,46.551,303,55,245,1
2107,s333,6,4,7,52.89,329,60,245,1
2108,s333,6,4,8,53.48,335,65,250,1
2109,s333,6,4,9,54.209,362,55,245,1
2110,s333,6,4,10,50.875,296,60,230,1
2111,s333,6,4,11,50.081,309,40,245,1
2112,s333,6,4,12,49.893,331,60,230,1
2113,s334,6,0,1,61.883,363,70,1000,1
2114,s334,6,0,2,39.336,420,40,2000,1
2115,s334,6,0,3,40.392,241,35,1000,1
2116,s334,6,0,4,45.716,551,45,1000,1
2117,s334,6,0,5,50.212,430,45,1000,1
2118,s334,6,0,6,51.088,489,50,1500,1
2119,s334,6,0,7,43.095,749,45,2000,1
2120,s334,6,0,8,46.035,641,50,1500,1
2121,s334,6,0,9,41.457,540,45,2000,1
2122,s334,6,0,10,44.012,621,47,2000,1
2123,s334,6,0,11,37.968,440,45,2000,1
2124,s334,6,0,12,49.024,512,50,2000,1
2125,s334,6,3,1,,,,,0
2126,s334,6,3,2,50.368,301,45,300,1
2127,s334,6,3,3,54.708,200,60,250,1
2128,s334,6,3,4,42.12,213,40,150,1
2129,s334,6,3,5,40.482,170,35,150,1
2130,s334,6,3,6,53.324,201,60,180,1
2131,s334,6,3,7,47.583,189,40,200,1
2132,s334,6,3,8,49.434,225,45,180,1
2133,s334,6,3,9,50.531,153,50,125,1
2134,s334,6,3,10,53.16,166,50,180,1
2135,s334,6,3,11,62.685,237,65,200,1
2136,s334,6,3,12,44.594,160,35,150,1
2137,s334,6,4,1,91.105,267,80,200,1
2138,s334,6,4,2,,,,,0
2139,s334,6,4,3,61.088,183,55,200,1
2140,s334,6,4,4,67.329,247,60,200,1
2141,s334,6,4,5,80.114,244,65,210,1
2142,s334,6,4,6,85.838,259,70,220,1
2143,s334,6,4,7,71.776,207,50,180,1
2144,s334,6,4,8,81.49,207,70,220,1
2145,s334,6,4,9,102.603,292,85,200,1
2146,s334,6,4,10,80.605,252,60,170,1
2147,s334,6,4,11,70.826,218,55,180,1
2148,s334,6,4,12,73.856,228,60,180,1
2149,s335,6,0,1,28.427,293,50,200,1
2150,s335,6,0,2,45.437,348,100,300,1
2151,s335,6,0,3,38.23,272,50,300,1
2152,s335,6,0,4,32.604,254,40,200,1
2153,s335,6,0,5,26.24,229,40,250,1
2154,s335,6,0,6,35.175,274,45,300,1
2155,s335,6,0,7,34.758,289,60,300,1
2156,s335,6,0,8,29.188,221,40,250,1
2157,s335,6,0,9,30.851,265,40,300,1
2158,s335,6,0,10,31.809,220,40,400,1
2159,s335,6,0,11,32.112,232,40,350,1
2160,s335,6,0,12,35.183,241,70,400,1
2161,s335,6,3,1,,,,,0
2162,s335,6,3,2,36.068,234,40,250,1
2163,s335,6,3,3,32.817,225,40,250,1
2164,s335,6,3,4,28.771,207,30,200,1
2165,s335,6,3,5,35.888,221,50,300,1
2166,s335,6,3,6,36.093,214,40,200,1
2167,s335,6,3,7,35.118,207,40,250,1
2168,s335,6,3,8,28.771,195,40,250,1
2169,s335,6,3,9,40.089,234,50,250,1
2170,s335,6,3,10,31.621,251,30,200,1
2171,s335,6,3,11,39.868,226,40,250,1
2172,s335,6,3,12,31.883,228,30,200,1
2173,s335,6,4,1,50.843,265,60,250,1
2174,s335,6,4,2,53.701,297,90,300,1
2175,s335,6,4,3,40.63,209,60,250,1
2176,s335,6,4,4,43.701,237,60,200,1
2177,s335,6,4,5,40.605,222,40,250,1
2178,s335,6,4,6,41.449,214,40,300,1
2179,s335,6,4,7,40.671,190,40,250,1
2180,s335,6,4,8,49.287,262,60,300,1
2181,s335,6,4,9,42.694,215,50,225,1
2182,s335,6,4,10,49.917,232,60,250,1
2183,s335,6,4,11,49.319,207,60,225,1
2184,s335,6,4,12,49.147,235,60,225,1
2185,s336,6,0,1,,,,,0
2186,s336,6,0,2,25.675,161,45,500,1
2187,s336,6,0,3,23.734,160,45,500,1
2188,s336,6,0,4,28.623,161,60,500,1
2189,s336,6,0,5,27.96,177,55,500,1
2190,s336,6,0,6,30.745,171,60,450,1
2191,s336,6,0,7,26.691,158,50,450,1
2192,s336,6,0,8,20.81,159,40,350,1
2193,s336,6,0,9,25.577,157,60,500,1
2194,s336,6,0,10,20.049,183,50,450,1
2195,s336,6,0,11,20.081,163,60,400,1
2196,s336,6,0,12,18.157,167,50,350,1
2197,s336,6,3,1,,,,,0
2198,s336,6,3,2,37.903,204,50,300,1
2199,s336,6,3,3,57.894,257,55,350,1
2200,s336,6,3,4,46.92,195,50,300,1
2201,s336,6,3,5,58.033,240,60,350,1
2202,s336,6,3,6,57.378,255,45,350,1
2203,s336,6,3,7,62.882,246,55,300,1
2204,s336,6,3,8,47.518,192,50,300,1
2205,s336,6,3,9,52.202,187,50,300,1
2206,s336,6,3,10,59.663,210,50,350,1
2207,s336,6,3,11,56.649,202,55,300,1
2208,s336,6,3,12,58.369,215,60,350,1
2209,s336,6,4,1,62.538,261,60,300,1
2210,s336,6,4,2,57.894,261,65,300,1
2211,s336,6,4,3,66.756,269,70,350,1
2212,s336,6,4,4,58.304,274,60,350,1
2213,s336,6,4,5,59.352,242,55,350,1
2214,s336,6,4,6,58.312,221,50,350,1
2215,s336,6,4,7,61.293,205,50,300,1
2216,s336,6,4,8,59.745,241,60,300,1
2217,s336,6,4,9,66.174,308,65,300,1
2218,s336,6,4,10,57.477,234,60,350,1
2219,s336,6,4,11,57.968,222,55,350,1
2220,s336,6,4,12,60.515,208,60,400,1
2221,s337,6,0,1,,,,,0
2222,s337,6,0,2,69.532,295,65,200,1
2223,s337,6,0,3,57.288,247,40,200,1
2224,s337,6,0,4,52.988,242,30,250,1
2225,s337,6,0,5,62.218,267,40,250,1
2226,s337,6,0,6,59.573,264,50,300,1
2227,s337,6,0,7,57.157,246,40,300,1
2228,s337,6,0,8,52.137,224,50,300,1
2229,s337,6,0,9,60.867,252,50,250,1
2230,s337,6,0,10,69.925,258,80,300,1
2231,s337,6,0,11,57.427,230,60,300,1
2232,s337,6,0,12,60.237,217,45,350,1
2233,s337,6,3,1,,,,,0
2234,s337,6,3,2,61.301,261,60,300,1
2235,s337,6,3,3,52.456,234,50,300,1
2236,s337,6,3,4,58.574,266,50,350,1
2237,s337,6,3,5,53.709,203,60,350,1
2238,s337,6,3,6,53.521,258,70,350,1
2239,s337,6,3,7,57.018,242,60,350,1
2240,s337,6,3,8,51.801,236,60,300,1
2241,s337,6,3,9,59.131,223,60,300,1
2242,s337,6,3,10,65.478,247,70,350,1
2243,s337,6,3,11,49.737,198,30,300,1
2244,s337,6,3,12,56.92,249,50,350,1
2245,s337,6,4,1,68.713,286,80,350,1
2246,s337,6,4,2,71.727,260,70,350,1
2247,s337,6,4,3,62.358,241,70,300,1
2248,s337,6,4,4,75.806,266,80,400,1
2249,s337,6,4,5,73.48,283,75,350,1
2250,s337,6,4,6,70.49,264,85,400,1
2251,s337,6,4,7,70.49,309,85,350,1
2252,s337,6,4,8,74.331,277,80,350,1
2253,s337,6,4,9,63.078,281,50,300,1
2254,s337,6,4,10,68.787,293,70,300,1
2255,s337,6,4,11,57.059,236,50,300,1
2256,s337,6,4,12,67.911,278,50,350,1
2257,s338,6,3,1,,,,,0
2258,s338,6,3,2,40.532,176,45,250,1
2259,s338,6,3,3,45.216,172,50,235,1
2260,s338,6,3,4,,,,,0
2261,s338,6,3,5,48.713,169,55,230,1
2262,s338,6,3,6,53.627,181,60,245,1
2263,s338,6,3,7,,,,,0
2264,s338,6,3,8,41.154,188,40,240,1
2265,s338,6,3,9,47.28,194,50,240,1
2266,s338,6,3,10,42.563,192,45,230,1
2267,s338,6,3,11,45.568,186,50,225,1
2268,s338,6,3,12,40.81,181,45,225,1
2269,s338,6,4,1,61.252,201,70,230,1
2270,s338,6,4,2,,,,,0
2271,s338,6,4,3,62.407,210,90,240,1
2272,s338,6,4,4,61.825,208,70,230,1
2273,s338,6,4,5,61.211,194,60,230,1
2274,s338,6,4,6,64.168,212,70,230,1
2275,s338,6,4,7,57.173,191,60,225,1
2276,s338,6,4,8,55.159,180,70,235,1
2277,s338,6,4,9,57.624,190,65,230,1
2278,s338,6,4,10,54.536,188,60,230,1
2279,s338,6,4,11,54.848,203,60,225,1
2280,s338,6,4,12,57.567,176,70,230,1
